CITY,DISTRICT,CITYDATE,DISTRICTDATE,DISTRICTFROM,CENTRALDISTRICT,DISTRICTCODE,CITYCODE,ISO31662,NUTS,AREA,POP2000,POP2014,FROM,FROMDATE,METROPOL,METROPOLDATE
Adana,Aladağ,,,,0,1757,1,TR-01,TR621,14045.56,1854270,2165595,NA,NA,1,1986
Adana,Ceyhan,,,,0,1219,1,TR-01,TR621,14045.56,1854270,2165595,NA,NA,1,1986
Adana,Çukurova,,03/22/08,Seyhan,1,2033,1,TR-01,TR621,14045.56,1854270,2165595,NA,NA,1,1986
Adana,Feke,,,,0,1329,1,TR-01,TR621,14045.56,1854270,2165595,NA,NA,1,1986
Adana,İmamoğlu,,,,0,1806,1,TR-01,TR621,14045.56,1854270,2165595,NA,NA,1,1986
Adana,Karaisalı,,,,0,1437,1,TR-01,TR621,14045.56,1854270,2165595,NA,NA,1,1986
Adana,Karataş,,,,0,1443,1,TR-01,TR621,14045.56,1854270,2165595,NA,NA,1,1986
Adana,Kozan,,,,0,1486,1,TR-01,TR621,14045.56,1854270,2165595,NA,NA,1,1986
Adana,Pozantı,,,,0,1580,1,TR-01,TR621,14045.56,1854270,2165595,NA,NA,1,1986
Adana,Saimbeyli,,,,0,1588,1,TR-01,TR621,14045.56,1854270,2165595,NA,NA,1,1986
Adana,Sarıçam,,03/22/08,Yüreğir,1,2032,1,TR-01,TR621,14045.56,1854270,2165595,NA,NA,1,1986
Adana,Seyhan,,,,1,1104,1,TR-01,TR621,14045.56,1854270,2165595,NA,NA,1,1986
Adana,Tufanbeyli,,,,0,1687,1,TR-01,TR621,14045.56,1854270,2165595,NA,NA,1,1986
Adana,Yumurtalık,,,,0,1734,1,TR-01,TR621,14045.56,1854270,2165595,NA,NA,1,1986
Adana,Yüreğir,,,,1,1748,1,TR-01,TR621,14045.56,1854270,2165595,NA,NA,1,1986
Adıyaman,Besni,,,,0,1182,2,TR-02,TRC12,7606.16,623811,597835,NA,NA,0,NA
Adıyaman,Çelikhan,,,,0,1246,2,TR-02,TRC12,7606.16,623811,597835,NA,NA,0,NA
Adıyaman,Gerger,,,,0,1347,2,TR-02,TRC12,7606.16,623811,597835,NA,NA,0,NA
Adıyaman,Gölbaşı,,,,0,1354,2,TR-02,TRC12,7606.16,623811,597835,NA,NA,0,NA
Adıyaman,Kahta,,,,0,1425,2,TR-02,TRC12,7606.16,623811,597835,NA,NA,0,NA
Adıyaman,Merkez,,,,0,1105,2,TR-02,TRC12,7606.16,623811,597835,NA,NA,0,NA
Adıyaman,Samsat,,,,0,1592,2,TR-02,TRC12,7606.16,623811,597835,NA,NA,0,NA
Adıyaman,Sincik,,05/20/90,,0,1985,2,TR-02,TRC12,7606.16,623811,597835,NA,NA,0,NA
Adıyaman,Tut,,05/20/90,,0,1989,2,TR-02,TRC12,7606.16,623811,597835,NA,NA,0,NA
Afyonkarahisar,Başmakçı,,,,0,1771,3,TR-03,TR332,14718.63,812416,706371,NA,NA,0,NA
Afyonkarahisar,Bayat,,,,0,1773,3,TR-03,TR332,14718.63,812416,706371,NA,NA,0,NA
Afyonkarahisar,Bolvadin,,,,0,1200,3,TR-03,TR332,14718.63,812416,706371,NA,NA,0,NA
Afyonkarahisar,Çay,,,,0,1239,3,TR-03,TR332,14718.63,812416,706371,NA,NA,0,NA
Afyonkarahisar,Çobanlar,,05/20/90,,0,1906,3,TR-03,TR332,14718.63,812416,706371,NA,NA,0,NA
Afyonkarahisar,Dazkırı,,,,0,1267,3,TR-03,TR332,14718.63,812416,706371,NA,NA,0,NA
Afyonkarahisar,Dinar,,,,0,1281,3,TR-03,TR332,14718.63,812416,706371,NA,NA,0,NA
Afyonkarahisar,Emirdağ,,,,0,1306,3,TR-03,TR332,14718.63,812416,706371,NA,NA,0,NA
Afyonkarahisar,Evciler,,05/20/90,,0,1923,3,TR-03,TR332,14718.63,812416,706371,NA,NA,0,NA
Afyonkarahisar,Hocalar,,05/20/90,,0,1944,3,TR-03,TR332,14718.63,812416,706371,NA,NA,0,NA
Afyonkarahisar,İhsaniye,,,,0,1404,3,TR-03,TR332,14718.63,812416,706371,NA,NA,0,NA
Afyonkarahisar,İscehisar,,,,0,1809,3,TR-03,TR332,14718.63,812416,706371,NA,NA,0,NA
Afyonkarahisar,Kızılören,,05/20/90,,0,1961,3,TR-03,TR332,14718.63,812416,706371,NA,NA,0,NA
Afyonkarahisar,Merkez,,,,0,1108,3,TR-03,TR332,14718.63,812416,706371,NA,NA,0,NA
Afyonkarahisar,Sandıklı,,,,0,1594,3,TR-03,TR332,14718.63,812416,706371,NA,NA,0,NA
Afyonkarahisar,Sinanpaşa,,,,0,1626,3,TR-03,TR332,14718.63,812416,706371,NA,NA,0,NA
Afyonkarahisar,Şuhut,,,,0,1664,3,TR-03,TR332,14718.63,812416,706371,NA,NA,0,NA
Afyonkarahisar,Sultandağı,,,,0,1639,3,TR-03,TR332,14718.63,812416,706371,NA,NA,0,NA
Ağrı,Diyadin,,,,0,1283,4,TR-04,TRA21,11498.67,528744,549435,NA,NA,0,NA
Ağrı,Doğubayazıt,,,,0,1287,4,TR-04,TRA21,11498.67,528744,549435,NA,NA,0,NA
Ağrı,Eleşkirt,,,,0,1301,4,TR-04,TRA21,11498.67,528744,549435,NA,NA,0,NA
Ağrı,Hamur,,,,0,1379,4,TR-04,TRA21,11498.67,528744,549435,NA,NA,0,NA
Ağrı,Merkez,,,,0,1111,4,TR-04,TRA21,11498.67,528744,549435,NA,NA,0,NA
Ağrı,Patnos,,,,0,1568,4,TR-04,TRA21,11498.67,528744,549435,NA,NA,0,NA
Ağrı,Taşlıçay,,,,0,1667,4,TR-04,TRA21,11498.67,528744,549435,NA,NA,0,NA
Ağrı,Tutak,,,,0,1691,4,TR-04,TRA21,11498.67,528744,549435,NA,NA,0,NA
Aksaray,Ağaçören,,,,0,1860,68,TR-68,TR712,7965.51,396084,384252,Nigde,06/15/89,0,NA
Aksaray,Eskil,,05/20/90,,0,1921,68,TR-68,TR712,7965.51,396084,384252,Nigde,06/15/89,0,NA
Aksaray,Gülağaç,,05/20/90,,0,1932,68,TR-68,TR712,7965.51,396084,384252,Nigde,06/15/89,0,NA
Aksaray,Güzelyurt,,,,0,1861,68,TR-68,TR712,7965.51,396084,384252,Nigde,06/15/89,0,NA
Aksaray,Merkez,,,,0,1120,68,TR-68,TR712,7965.51,396084,384252,Nigde,06/15/89,0,NA
Aksaray,Ortaköy,,,,0,1557,68,TR-68,TR712,7965.51,396084,384252,Nigde,06/15/89,0,NA
Aksaray,Sarıyahşi,,,,0,1866,68,TR-68,TR712,7965.51,396084,384252,Nigde,06/15/89,0,NA
Aksaray,Sultanhanı,,08/25/17,,0,2106,68,TR-68,TR712,7965.51,396084,384252,Nigde,06/15/89,0,NA
Amasya,Göynücek,,,,0,1363,5,TR-05,TR834,5703.78,365231,321913,NA,NA,0,NA
Amasya,Gümüşhacıköy,,,,0,1368,5,TR-05,TR834,5703.78,365231,321913,NA,NA,0,NA
Amasya,Hamamözü,,05/20/90,,0,1938,5,TR-05,TR834,5703.78,365231,321913,NA,NA,0,NA
Amasya,Merkez,,,,0,1134,5,TR-05,TR834,5703.78,365231,321913,NA,NA,0,NA
Amasya,Merzifon,,,,0,1524,5,TR-05,TR834,5703.78,365231,321913,NA,NA,0,NA
Amasya,Suluova,,,,0,1641,5,TR-05,TR834,5703.78,365231,321913,NA,NA,0,NA
Amasya,Taşova,,,,0,1668,5,TR-05,TR834,5703.78,365231,321913,NA,NA,0,NA
Ankara,Akyurt,,05/20/90,,0,1872,6,TR-06,TR510,25401.94,4007860,5150072,NA,NA,1,1984
Ankara,Altındağ,,,,0,1130,6,TR-06,TR510,25401.94,4007860,5150072,NA,NA,1,1984
Ankara,Ayaş,,,,0,1157,6,TR-06,TR510,25401.94,4007860,5150072,NA,NA,1,1984
Ankara,Bala,,,,0,1167,6,TR-06,TR510,25401.94,4007860,5150072,NA,NA,1,1984
Ankara,Beypazarı,,,,0,1187,6,TR-06,TR510,25401.94,4007860,5150072,NA,NA,1,1984
Ankara,Çamlıdere,,,,0,1227,6,TR-06,TR510,25401.94,4007860,5150072,NA,NA,1,1984
Ankara,Çankaya,,,,0,1231,6,TR-06,TR510,25401.94,4007860,5150072,NA,NA,1,1984
Ankara,Çubuk,,,,0,1260,6,TR-06,TR510,25401.94,4007860,5150072,NA,NA,1,1984
Ankara,Elmadağ,,,,0,1302,6,TR-06,TR510,25401.94,4007860,5150072,NA,NA,1,1984
Ankara,Etimesgut,,05/20/90,,0,1922,6,TR-06,TR510,25401.94,4007860,5150072,NA,NA,1,1984
Ankara,Evren,,05/20/90,,0,1924,6,TR-06,TR510,25401.94,4007860,5150072,NA,NA,1,1984
Ankara,Gölbaşı,,,,0,1744,6,TR-06,TR510,25401.94,4007860,5150072,NA,NA,1,1984
Ankara,Güdül,,,,0,1365,6,TR-06,TR510,25401.94,4007860,5150072,NA,NA,1,1984
Ankara,Haymana,,,,0,1387,6,TR-06,TR510,25401.94,4007860,5150072,NA,NA,1,1984
Ankara,Kahramankazan,,,,0,1815,6,TR-06,TR510,25401.94,4007860,5150072,NA,NA,1,1984
Ankara,Kalecik,,,,0,1427,6,TR-06,TR510,25401.94,4007860,5150072,NA,NA,1,1984
Ankara,Kazan,,,,0,1815,6,TR-06,TR510,25401.94,4007860,5150072,NA,NA,1,1984
Ankara,Keçiören,,,,0,1745,6,TR-06,TR510,25401.94,4007860,5150072,NA,NA,1,1984
Ankara,Kızılcahamam,,,,0,1473,6,TR-06,TR510,25401.94,4007860,5150072,NA,NA,1,1984
Ankara,Mamak,,,,0,1746,6,TR-06,TR510,25401.94,4007860,5150072,NA,NA,1,1984
Ankara,Nallıhan,,,,0,1539,6,TR-06,TR510,25401.94,4007860,5150072,NA,NA,1,1984
Ankara,Polatlı,,,,0,1578,6,TR-06,TR510,25401.94,4007860,5150072,NA,NA,1,1984
Ankara,Pursaklar,,03/22/08,"Altındağ, Çubuk",0,2034,6,TR-06,TR510,25401.94,4007860,5150072,NA,NA,1,1984
Ankara,Şereflikoçhisar,,,,0,1658,6,TR-06,TR510,25401.94,4007860,5150072,NA,NA,1,1984
Ankara,Sincan,,,,0,1747,6,TR-06,TR510,25401.94,4007860,5150072,NA,NA,1,1984
Ankara,Yenimahalle,,,,0,1723,6,TR-06,TR510,25401.94,4007860,5150072,NA,NA,1,1984
Antalya,Akseki,,,,0,1121,7,TR-07,TR611,20790.56,1719751,2222562,NA,NA,1,1992
Antalya,Aksu,,03/22/08,,0,2035,7,TR-07,TR611,20790.56,1719751,2222562,NA,NA,1,1992
Antalya,Alanya,,,,0,1126,7,TR-07,TR611,20790.56,1719751,2222562,NA,NA,1,1992
Antalya,Demre,,,,0,1811,7,TR-07,TR611,20790.56,1719751,2222562,NA,NA,1,1992
Antalya,Döşemealtı,,03/22/08,,0,2036,7,TR-07,TR611,20790.56,1719751,2222562,NA,NA,1,1992
Antalya,Elmalı,,,,0,1303,7,TR-07,TR611,20790.56,1719751,2222562,NA,NA,1,1992
Antalya,Finike,,,,0,1333,7,TR-07,TR611,20790.56,1719751,2222562,NA,NA,1,1992
Antalya,Gazipaşa,,,,0,1337,7,TR-07,TR611,20790.56,1719751,2222562,NA,NA,1,1992
Antalya,Gündoğmuş,,,,0,1370,7,TR-07,TR611,20790.56,1719751,2222562,NA,NA,1,1992
Antalya,İbradı,,05/20/90,,0,1946,7,TR-07,TR611,20790.56,1719751,2222562,NA,NA,1,1992
Antalya,Kaş,,,,0,1451,7,TR-07,TR611,20790.56,1719751,2222562,NA,NA,1,1992
Antalya,Kemer,,05/20/90,,0,1959,7,TR-07,TR611,20790.56,1719751,2222562,NA,NA,1,1992
Antalya,Kepez,,03/22/08,,0,2037,7,TR-07,TR611,20790.56,1719751,2222562,NA,NA,1,1992
Antalya,Konyaaltı,,03/22/08,,0,2038,7,TR-07,TR611,20790.56,1719751,2222562,NA,NA,1,1992
Antalya,Korkuteli,,,,0,1483,7,TR-07,TR611,20790.56,1719751,2222562,NA,NA,1,1992
Antalya,Kumluca,,,,0,1492,7,TR-07,TR611,20790.56,1719751,2222562,NA,NA,1,1992
Antalya,Manavgat,,,,0,1512,7,TR-07,TR611,20790.56,1719751,2222562,NA,NA,1,1992
Antalya,Merkez,,,,0,1138,7,TR-07,TR611,20790.56,1719751,2222562,NA,NA,1,1992
Antalya,Muratpaşa,,03/22/08,,0,2039,7,TR-07,TR611,20790.56,1719751,2222562,NA,NA,1,1992
Antalya,Serik,,,,0,1616,7,TR-07,TR611,20790.56,1719751,2222562,NA,NA,1,1992
Ardahan,Çıldır,06/03/92,,,0,1252,75,TR-75,TRA24,4967.63,133756,100809,Kars,05/27/92,0,NA
Ardahan,Damal,06/03/92,06/03/92,,0,2008,75,TR-75,TRA24,4967.63,133756,100809,Kars,05/27/92,0,NA
Ardahan,Göle,06/03/92,,,0,1356,75,TR-75,TRA24,4967.63,133756,100809,Kars,05/27/92,0,NA
Ardahan,Hanak,06/03/92,,,0,1380,75,TR-75,TRA24,4967.63,133756,100809,Kars,05/27/92,0,NA
Ardahan,Merkez,06/03/92,,,0,1144,75,TR-75,TRA24,4967.63,133756,100809,Kars,05/27/92,0,NA
Ardahan,Posof,06/03/92,,,0,1579,75,TR-75,TRA24,4967.63,133756,100809,Kars,05/27/92,0,NA
Artvin,Ardanuç,,,,0,1145,8,TR-08,TR905,7367.1,191934,169674,NA,NA,0,NA
Artvin,Arhavi,,,,0,1147,8,TR-08,TR905,7367.1,191934,169674,NA,NA,0,NA
Artvin,Borçka,,,,0,1202,8,TR-08,TR905,7367.1,191934,169674,NA,NA,0,NA
Artvin,Hopa,,,,0,1395,8,TR-08,TR905,7367.1,191934,169674,NA,NA,0,NA
Artvin,Kemalpaşa,,08/25/17,Hopa,0,2105,8,TR-08,TR905,7367.1,191934,169674,NA,NA,0,NA
Artvin,Merkez,,,,0,1152,8,TR-08,TR905,7367.1,191934,169674,NA,NA,0,NA
Artvin,Murgul,,,,0,1828,8,TR-08,TR905,7367.1,191934,169674,NA,NA,0,NA
Artvin,Şavşat,,,,0,1653,8,TR-08,TR905,7367.1,191934,169674,NA,NA,0,NA
Artvin,Yusufeli,,,,0,1736,8,TR-08,TR905,7367.1,191934,169674,NA,NA,0,NA
Aydın,Bozdoğan,,,,0,1206,9,TR-09,TR321,7904.43,950757,1041979,NA,NA,1,2013
Aydın,Buharkent,,,,0,1781,9,TR-09,TR321,7904.43,950757,1041979,NA,NA,1,2013
Aydın,Çine,,,,0,1256,9,TR-09,TR321,7904.43,950757,1041979,NA,NA,1,2013
Aydın,Didim,,04/09/97,,0,2000,9,TR-09,TR321,7904.43,950757,1041979,NA,NA,1,2013
Aydın,Efeler,,12/06/12,,0,2076,9,TR-09,TR321,7904.43,950757,1041979,NA,NA,1,2013
Aydın,Germencik,,,,0,1348,9,TR-09,TR321,7904.43,950757,1041979,NA,NA,1,2013
Aydın,İncirliova,,,,0,1807,9,TR-09,TR321,7904.43,950757,1041979,NA,NA,1,2013
Aydın,Karacasu,,,,0,1435,9,TR-09,TR321,7904.43,950757,1041979,NA,NA,1,2013
Aydın,Karpuzlu,,05/20/90,,0,1957,9,TR-09,TR321,7904.43,950757,1041979,NA,NA,1,2013
Aydın,Koçarlı,,,,0,1479,9,TR-09,TR321,7904.43,950757,1041979,NA,NA,1,2013
Aydın,Köşk,,05/20/90,,0,1968,9,TR-09,TR321,7904.43,950757,1041979,NA,NA,1,2013
Aydın,Kuşadası,,,,0,1497,9,TR-09,TR321,7904.43,950757,1041979,NA,NA,1,2013
Aydın,Kuyucak,,,,0,1498,9,TR-09,TR321,7904.43,950757,1041979,NA,NA,1,2013
Aydın,Merkez,,,,0,1159,9,TR-09,TR321,7904.43,950757,1041979,NA,NA,1,2013
Aydın,Nazilli,,,,0,1542,9,TR-09,TR321,7904.43,950757,1041979,NA,NA,1,2013
Aydın,Söke,,,,0,1637,9,TR-09,TR321,7904.43,950757,1041979,NA,NA,1,2013
Aydın,Sultanhisar,,,,0,1640,9,TR-09,TR321,7904.43,950757,1041979,NA,NA,1,2013
Aydın,Yenipazar,,,,0,1724,9,TR-09,TR321,7904.43,950757,1041979,NA,NA,1,2013
Balıkesir,Altıeylül,,12/06/12,,1,2077,10,TR-10,TR221,14472.73,1076347,1189057,NA,NA,1,2013
Balıkesir,Ayvalık,,,,0,1161,10,TR-10,TR221,14472.73,1076347,1189057,NA,NA,1,2013
Balıkesir,Balya,,,,0,1169,10,TR-10,TR221,14472.73,1076347,1189057,NA,NA,1,2013
Balıkesir,Bandırma,,,,0,1171,10,TR-10,TR221,14472.73,1076347,1189057,NA,NA,1,2013
Balıkesir,Bigadiç,,,,0,1191,10,TR-10,TR221,14472.73,1076347,1189057,NA,NA,1,2013
Balıkesir,Burhaniye,,,,0,1216,10,TR-10,TR221,14472.73,1076347,1189057,NA,NA,1,2013
Balıkesir,Dursunbey,,,,0,1291,10,TR-10,TR221,14472.73,1076347,1189057,NA,NA,1,2013
Balıkesir,Edremit,,,,0,1294,10,TR-10,TR221,14472.73,1076347,1189057,NA,NA,1,2013
Balıkesir,Erdek,,,,0,1310,10,TR-10,TR221,14472.73,1076347,1189057,NA,NA,1,2013
Balıkesir,Gömeç,,05/20/90,,0,1928,10,TR-10,TR221,14472.73,1076347,1189057,NA,NA,1,2013
Balıkesir,Gönen,,,,0,1360,10,TR-10,TR221,14472.73,1076347,1189057,NA,NA,1,2013
Balıkesir,Havran,,,,0,1384,10,TR-10,TR221,14472.73,1076347,1189057,NA,NA,1,2013
Balıkesir,İvrindi,,,,0,1418,10,TR-10,TR221,14472.73,1076347,1189057,NA,NA,1,2013
Balıkesir,Karesi,,12/06/12,,1,2078,10,TR-10,TR221,14472.73,1076347,1189057,NA,NA,1,2013
Balıkesir,Kepsut,,,,0,1462,10,TR-10,TR221,14472.73,1076347,1189057,NA,NA,1,2013
Balıkesir,Manyas,,,,0,1514,10,TR-10,TR221,14472.73,1076347,1189057,NA,NA,1,2013
Balıkesir,Marmara,,,,0,1824,10,TR-10,TR221,14472.73,1076347,1189057,NA,NA,1,2013
Balıkesir,Merkez,,,,0,1168,10,TR-10,TR221,14472.73,1076347,1189057,NA,NA,1,2013
Balıkesir,Savaştepe,,,,0,1608,10,TR-10,TR221,14472.73,1076347,1189057,NA,NA,1,2013
Balıkesir,Sındırgı,,,,0,1619,10,TR-10,TR221,14472.73,1076347,1189057,NA,NA,1,2013
Balıkesir,Susurluk,,,,0,1644,10,TR-10,TR221,14472.73,1076347,1189057,NA,NA,1,2013
Bartın,Amasra,,,,0,1761,74,TR-74,TR813,2080.36,184178,189405,Zonguldak,09/07/91,0,NA
Bartın,Kurucaşile,,,,0,1496,74,TR-74,TR813,2080.36,184178,189405,Zonguldak,09/07/91,0,NA
Bartın,Merkez,,,,0,1172,74,TR-74,TR813,2080.36,184178,189405,Zonguldak,09/07/91,0,NA
Bartın,Ulus,,,,0,1701,74,TR-74,TR813,2080.36,184178,189405,Zonguldak,09/07/91,0,NA
Batman,Beşiri,05/18/90,,,0,1184,72,TR-72,TRC32,4659.21,456734,557593,Siirt,05/16/90,0,NA
Batman,Gercüş,05/18/90,,,0,1345,72,TR-72,TRC32,4659.21,456734,557593,Siirt,05/16/90,0,NA
Batman,Hasankeyf,05/18/90,05/18/90,,0,1941,72,TR-72,TRC32,4659.21,456734,557593,Siirt,05/16/90,0,NA
Batman,Kozluk,05/18/90,,,0,1487,72,TR-72,TRC32,4659.21,456734,557593,Siirt,05/16/90,0,NA
Batman,Merkez,05/18/90,,,0,1174,72,TR-72,TRC32,4659.21,456734,557593,Siirt,05/16/90,0,NA
Batman,Sason,05/18/90,,,0,1607,72,TR-72,TRC32,4659.21,456734,557593,Siirt,05/16/90,0,NA
Bayburt,Aydıntepe,,,,0,1767,69,TR-69,TRA13,3739.08,97358,80607,Gumushane,06/21/89,0,NA
Bayburt,Demirözü,,,,0,1788,69,TR-69,TRA13,3739.08,97358,80607,Gumushane,06/21/89,0,NA
Bayburt,Merkez,,,,0,1176,69,TR-69,TRA13,3739.08,97358,80607,Gumushane,06/21/89,0,NA
Bilecik,Bozüyük,,,,0,1210,11,TR-11,TR413,4306.77,194326,209925,NA,NA,0,NA
Bilecik,Gölpazarı,,,,0,1359,11,TR-11,TR413,4306.77,194326,209925,NA,NA,0,NA
Bilecik,İnhisar,,05/20/90,,0,1948,11,TR-11,TR413,4306.77,194326,209925,NA,NA,0,NA
Bilecik,Merkez,,,,0,1192,11,TR-11,TR413,4306.77,194326,209925,NA,NA,0,NA
Bilecik,Osmaneli,,,,0,1559,11,TR-11,TR413,4306.77,194326,209925,NA,NA,0,NA
Bilecik,Pazaryeri,,,,0,1571,11,TR-11,TR413,4306.77,194326,209925,NA,NA,0,NA
Bilecik,Söğüt,,,,0,1636,11,TR-11,TR413,4306.77,194326,209925,NA,NA,0,NA
Bilecik,Yenipazar,,,,0,1857,11,TR-11,TR413,4306.77,194326,209925,NA,NA,0,NA
Bingöl,Adaklı,,,,0,1750,12,TR-12,TRB13,8253.51,253739,266019,NA,NA,0,NA
Bingöl,Genç,,,,0,1344,12,TR-12,TRB13,8253.51,253739,266019,NA,NA,0,NA
Bingöl,Karlıova,,,,0,1446,12,TR-12,TRB13,8253.51,253739,266019,NA,NA,0,NA
Bingöl,Kiğı,,,,0,1475,12,TR-12,TRB13,8253.51,253739,266019,NA,NA,0,NA
Bingöl,Merkez,,,,0,1193,12,TR-12,TRB13,8253.51,253739,266019,NA,NA,0,NA
Bingöl,Solhan,,,,0,1633,12,TR-12,TRB13,8253.51,253739,266019,NA,NA,0,NA
Bingöl,Yayladere,,,,0,1855,12,TR-12,TRB13,8253.51,253739,266019,NA,NA,0,NA
Bingöl,Yedisu,,05/20/90,,0,1996,12,TR-12,TRB13,8253.51,253739,266019,NA,NA,0,NA
Bitlis,Adilcevaz,,,,0,1106,13,TR-13,TRB23,7094.5,388678,338023,NA,NA,0,NA
Bitlis,Ahlat,,,,0,1112,13,TR-13,TRB23,7094.5,388678,338023,NA,NA,0,NA
Bitlis,Güroymak,,,,0,1798,13,TR-13,TRB23,7094.5,388678,338023,NA,NA,0,NA
Bitlis,Hizan,,,,0,1394,13,TR-13,TRB23,7094.5,388678,338023,NA,NA,0,NA
Bitlis,Merkez,,,,0,1196,13,TR-13,TRB23,7094.5,388678,338023,NA,NA,0,NA
Bitlis,Mutki,,,,0,1537,13,TR-13,TRB23,7094.5,388678,338023,NA,NA,0,NA
Bitlis,Tatvan,,,,0,1669,13,TR-13,TRB23,7094.5,388678,338023,NA,NA,0,NA
Bolu,Dörtdivan,,05/20/90,,0,1916,14,TR-14,TR424,8323.39,270654,284789,NA,NA,0,NA
Bolu,Gerede,,,,0,1346,14,TR-14,TR424,8323.39,270654,284789,NA,NA,0,NA
Bolu,Göynük,,,,0,1364,14,TR-14,TR424,8323.39,270654,284789,NA,NA,0,NA
Bolu,Kıbrıscık,,,,0,1466,14,TR-14,TR424,8323.39,270654,284789,NA,NA,0,NA
Bolu,Mengen,,,,0,1522,14,TR-14,TR424,8323.39,270654,284789,NA,NA,0,NA
Bolu,Merkez,,,,0,1199,14,TR-14,TR424,8323.39,270654,284789,NA,NA,0,NA
Bolu,Mudurnu,,,,0,1531,14,TR-14,TR424,8323.39,270654,284789,NA,NA,0,NA
Bolu,Seben,,,,0,1610,14,TR-14,TR424,8323.39,270654,284789,NA,NA,0,NA
Bolu,Yeniçağa,,05/20/90,,0,1997,14,TR-14,TR424,8323.39,270654,284789,NA,NA,0,NA
Burdur,Ağlasun,,,,0,1109,15,TR-15,TR613,7134.95,256803,256898,NA,NA,0,NA
Burdur,Altınyayla,,05/20/90,,0,1874,15,TR-15,TR613,7134.95,256803,256898,NA,NA,0,NA
Burdur,Bucak,,,,0,1211,15,TR-15,TR613,7134.95,256803,256898,NA,NA,0,NA
Burdur,Çavdır,,05/20/90,,0,1899,15,TR-15,TR613,7134.95,256803,256898,NA,NA,0,NA
Burdur,Çeltikçi,,05/20/90,,0,1903,15,TR-15,TR613,7134.95,256803,256898,NA,NA,0,NA
Burdur,Gölhisar,,,,0,1357,15,TR-15,TR613,7134.95,256803,256898,NA,NA,0,NA
Burdur,Karamanlı,,,,0,1813,15,TR-15,TR613,7134.95,256803,256898,NA,NA,0,NA
Burdur,Kemer,,,,0,1816,15,TR-15,TR613,7134.95,256803,256898,NA,NA,0,NA
Burdur,Merkez,,,,0,1215,15,TR-15,TR613,7134.95,256803,256898,NA,NA,0,NA
Burdur,Tefenni,,,,0,1672,15,TR-15,TR613,7134.95,256803,256898,NA,NA,0,NA
Burdur,Yeşilova,,,,0,1728,15,TR-15,TR613,7134.95,256803,256898,NA,NA,0,NA
Bursa,Büyükorhan,,,,0,1783,16,TR-16,TR411,10886.38,2125140,2787539,NA,NA,1,1987
Bursa,Gemlik,,,,0,1343,16,TR-16,TR411,10886.38,2125140,2787539,NA,NA,1,1987
Bursa,Gürsu,,05/20/90,,0,1935,16,TR-16,TR411,10886.38,2125140,2787539,NA,NA,1,1987
Bursa,Harmancık,,,,0,1799,16,TR-16,TR411,10886.38,2125140,2787539,NA,NA,1,1987
Bursa,İnegöl,,,,0,1411,16,TR-16,TR411,10886.38,2125140,2787539,NA,NA,1,1987
Bursa,İznik,,,,0,1420,16,TR-16,TR411,10886.38,2125140,2787539,NA,NA,1,1987
Bursa,Karacabey,,,,0,1434,16,TR-16,TR411,10886.38,2125140,2787539,NA,NA,1,1987
Bursa,Keles,,,,0,1457,16,TR-16,TR411,10886.38,2125140,2787539,NA,NA,1,1987
Bursa,Kestel,,05/20/90,,0,1960,16,TR-16,TR411,10886.38,2125140,2787539,NA,NA,1,1987
Bursa,Mudanya,,,,0,1530,16,TR-16,TR411,10886.38,2125140,2787539,NA,NA,1,1987
Bursa,Mustafakemalpaşa,,,,0,1535,16,TR-16,TR411,10886.38,2125140,2787539,NA,NA,1,1987
Bursa,Nilüfer,,,,0,1829,16,TR-16,TR411,10886.38,2125140,2787539,NA,NA,1,1987
Bursa,Orhaneli,,,,0,1553,16,TR-16,TR411,10886.38,2125140,2787539,NA,NA,1,1987
Bursa,Orhangazi,,,,0,1554,16,TR-16,TR411,10886.38,2125140,2787539,NA,NA,1,1987
Bursa,Osmangazi,,,,0,1832,16,TR-16,TR411,10886.38,2125140,2787539,NA,NA,1,1987
Bursa,Yenişehir,,,,0,1725,16,TR-16,TR411,10886.38,2125140,2787539,NA,NA,1,1987
Bursa,Yıldırım,,,,0,1859,16,TR-16,TR411,10886.38,2125140,2787539,NA,NA,1,1987
Çanakkale,Ayvacık,,,,0,1160,17,TR-17,TR222,9950.43,464975,511790,NA,NA,0,NA
Çanakkale,Bayramiç,,,,0,1180,17,TR-17,TR222,9950.43,464975,511790,NA,NA,0,NA
Çanakkale,Biga,,,,0,1190,17,TR-17,TR222,9950.43,464975,511790,NA,NA,0,NA
Çanakkale,Bozcaada,,,,0,1205,17,TR-17,TR222,9950.43,464975,511790,NA,NA,0,NA
Çanakkale,Çan,,,,0,1229,17,TR-17,TR222,9950.43,464975,511790,NA,NA,0,NA
Çanakkale,Eceabat,,,,0,1293,17,TR-17,TR222,9950.43,464975,511790,NA,NA,0,NA
Çanakkale,Ezine,,,,0,1326,17,TR-17,TR222,9950.43,464975,511790,NA,NA,0,NA
Çanakkale,Gelibolu,,,,0,1340,17,TR-17,TR222,9950.43,464975,511790,NA,NA,0,NA
Çanakkale,Gökçeada,,,,0,1408,17,TR-17,TR222,9950.43,464975,511790,NA,NA,0,NA
Çanakkale,Lapseki,,,,0,1503,17,TR-17,TR222,9950.43,464975,511790,NA,NA,0,NA
Çanakkale,Merkez,,,,0,1230,17,TR-17,TR222,9950.43,464975,511790,NA,NA,0,NA
Çanakkale,Yenice,,,,0,1722,17,TR-17,TR222,9950.43,464975,511790,NA,NA,0,NA
Çankırı,Atkaracalar,,,,0,1765,18,TR-18,TR822,7491.89,270355,183550,NA,NA,0,NA
Çankırı,Bayramören,,05/20/90,,0,1885,18,TR-18,TR822,7491.89,270355,183550,NA,NA,0,NA
Çankırı,Çerkeş,,,,0,1248,18,TR-18,TR822,7491.89,270355,183550,NA,NA,0,NA
Çankırı,Eldivan,,,,0,1300,18,TR-18,TR822,7491.89,270355,183550,NA,NA,0,NA
Çankırı,Ilgaz,,,,0,1399,18,TR-18,TR822,7491.89,270355,183550,NA,NA,0,NA
Çankırı,Kızılırmak,,,,0,1817,18,TR-18,TR822,7491.89,270355,183550,NA,NA,0,NA
Çankırı,Korgun,,05/20/90,,0,1963,18,TR-18,TR822,7491.89,270355,183550,NA,NA,0,NA
Çankırı,Kurşunlu,,,,0,1494,18,TR-18,TR822,7491.89,270355,183550,NA,NA,0,NA
Çankırı,Merkez,,,,0,1232,18,TR-18,TR822,7491.89,270355,183550,NA,NA,0,NA
Çankırı,Orta,,,,0,1555,18,TR-18,TR822,7491.89,270355,183550,NA,NA,0,NA
Çankırı,Şabanözü,,,,0,1649,18,TR-18,TR822,7491.89,270355,183550,NA,NA,0,NA
Çankırı,Yapraklı,,,,0,1718,18,TR-18,TR822,7491.89,270355,183550,NA,NA,0,NA
Çorum,Alaca,,,,0,1124,19,TR-19,TR833,12796.21,597065,527220,NA,NA,0,NA
Çorum,Bayat,,,,0,1177,19,TR-19,TR833,12796.21,597065,527220,NA,NA,0,NA
Çorum,Boğazkale,,,,0,1778,19,TR-19,TR833,12796.21,597065,527220,NA,NA,0,NA
Çorum,Dodurga,,05/20/90,,0,1911,19,TR-19,TR833,12796.21,597065,527220,NA,NA,0,NA
Çorum,İskilip,,,,0,1414,19,TR-19,TR833,12796.21,597065,527220,NA,NA,0,NA
Çorum,Kargı,,,,0,1445,19,TR-19,TR833,12796.21,597065,527220,NA,NA,0,NA
Çorum,Laçin,,05/20/90,,0,1972,19,TR-19,TR833,12796.21,597065,527220,NA,NA,0,NA
Çorum,Mecitözü,,,,0,1520,19,TR-19,TR833,12796.21,597065,527220,NA,NA,0,NA
Çorum,Merkez,,,,0,1259,19,TR-19,TR833,12796.21,597065,527220,NA,NA,0,NA
Çorum,Oğuzlar,,05/20/90,,0,1976,19,TR-19,TR833,12796.21,597065,527220,NA,NA,0,NA
Çorum,Ortaköy,,,,0,1556,19,TR-19,TR833,12796.21,597065,527220,NA,NA,0,NA
Çorum,Osmancık,,,,0,1558,19,TR-19,TR833,12796.21,597065,527220,NA,NA,0,NA
Çorum,Sungurlu,,,,0,1642,19,TR-19,TR833,12796.21,597065,527220,NA,NA,0,NA
Çorum,Uğurludağ,,,,0,1850,19,TR-19,TR833,12796.21,597065,527220,NA,NA,0,NA
Denizli,Acıpayam,,,,0,1102,20,TR-20,TR322,11804.19,950757,978700,NA,NA,1,2013
Denizli,Babadağ,,,,0,1769,20,TR-20,TR322,11804.19,950757,978700,NA,NA,1,2013
Denizli,Baklan,,05/20/90,,0,1881,20,TR-20,TR322,11804.19,950757,978700,NA,NA,1,2013
Denizli,Bekilli,,,,0,1774,20,TR-20,TR322,11804.19,950757,978700,NA,NA,1,2013
Denizli,Beyağaç,,05/20/90,,0,1888,20,TR-20,TR322,11804.19,950757,978700,NA,NA,1,2013
Denizli,Bozkurt,,05/20/90,,0,1889,20,TR-20,TR322,11804.19,950757,978700,NA,NA,1,2013
Denizli,Buldan,,,,0,1214,20,TR-20,TR322,11804.19,950757,978700,NA,NA,1,2013
Denizli,Çal,,,,0,1224,20,TR-20,TR322,11804.19,950757,978700,NA,NA,1,2013
Denizli,Çameli,,,,0,1226,20,TR-20,TR322,11804.19,950757,978700,NA,NA,1,2013
Denizli,Çardak,,,,0,1233,20,TR-20,TR322,11804.19,950757,978700,NA,NA,1,2013
Denizli,Çivril,,,,0,1257,20,TR-20,TR322,11804.19,950757,978700,NA,NA,1,2013
Denizli,Güney,,,,0,1371,20,TR-20,TR322,11804.19,950757,978700,NA,NA,1,2013
Denizli,Honaz,,,,0,1803,20,TR-20,TR322,11804.19,950757,978700,NA,NA,1,2013
Denizli,Kale,,,,0,1426,20,TR-20,TR322,11804.19,950757,978700,NA,NA,1,2013
Denizli,Merkez,,,,0,1271,20,TR-20,TR322,11804.19,950757,978700,NA,NA,1,2013
Denizli,Merkezefendi,,12/06/12,,0,2079,20,TR-20,TR322,11804.19,950757,978700,NA,NA,1,2013
Denizli,Pamukkale,,12/06/12,,0,1871,20,TR-20,TR322,11804.19,950757,978700,NA,NA,1,2013
Denizli,Sarayköy,,,,0,1597,20,TR-20,TR322,11804.19,950757,978700,NA,NA,1,2013
Denizli,Serinhisar,,,,0,1840,20,TR-20,TR322,11804.19,950757,978700,NA,NA,1,2013
Denizli,Tavas,,,,0,1670,20,TR-20,TR322,11804.19,950757,978700,NA,NA,1,2013
Diyarbakır,Bağlar,,03/22/08,,0,2040,21,TR-21,TRC22,15204.01,1362708,1635048,NA,NA,1,1993
Diyarbakır,Bismil,,,,0,1195,21,TR-21,TRC22,15204.01,1362708,1635048,NA,NA,1,1993
Diyarbakır,Çermik,,,,0,1249,21,TR-21,TRC22,15204.01,1362708,1635048,NA,NA,1,1993
Diyarbakır,Çınar,,,,0,1253,21,TR-21,TRC22,15204.01,1362708,1635048,NA,NA,1,1993
Diyarbakır,Çüngüş,,,,0,1263,21,TR-21,TRC22,15204.01,1362708,1635048,NA,NA,1,1993
Diyarbakır,Dicle,,,,0,1278,21,TR-21,TRC22,15204.01,1362708,1635048,NA,NA,1,1993
Diyarbakır,Eğil,,,,0,1791,21,TR-21,TRC22,15204.01,1362708,1635048,NA,NA,1,1993
Diyarbakır,Ergani,,,,0,1315,21,TR-21,TRC22,15204.01,1362708,1635048,NA,NA,1,1993
Diyarbakır,Hani,,,,0,1381,21,TR-21,TRC22,15204.01,1362708,1635048,NA,NA,1,1993
Diyarbakır,Hazro,,,,0,1389,21,TR-21,TRC22,15204.01,1362708,1635048,NA,NA,1,1993
Diyarbakır,Kayapınar,,03/22/08,,0,2041,21,TR-21,TRC22,15204.01,1362708,1635048,NA,NA,1,1993
Diyarbakır,Kocaköy,,05/20/90,,0,1962,21,TR-21,TRC22,15204.01,1362708,1635048,NA,NA,1,1993
Diyarbakır,Kulp,,,,0,1490,21,TR-21,TRC22,15204.01,1362708,1635048,NA,NA,1,1993
Diyarbakır,Lice,,,,0,1504,21,TR-21,TRC22,15204.01,1362708,1635048,NA,NA,1,1993
Diyarbakır,Merkez,,,,0,1284,21,TR-21,TRC22,15204.01,1362708,1635048,NA,NA,1,1993
Diyarbakır,Silvan,,,,0,1624,21,TR-21,TRC22,15204.01,1362708,1635048,NA,NA,1,1993
Diyarbakır,Sur,,03/22/08,,0,2042,21,TR-21,TRC22,15204.01,1362708,1635048,NA,NA,1,1993
Diyarbakır,Yenişehir,,03/22/08,,0,2043,21,TR-21,TRC22,15204.01,1362708,1635048,NA,NA,1,1993
Düzce,Akçakoca,12/09/99,,,0,1116,81,TR-81,TR423,2592.95,314266,355549,Bolu,12/09/99,0,NA
Düzce,Çilimli,12/09/99,05/20/90,,0,1905,81,TR-81,TR423,2592.95,314266,355549,Bolu,12/09/99,0,NA
Düzce,Cumayeri,12/09/99,,,0,1784,81,TR-81,TR423,2592.95,314266,355549,Bolu,12/09/99,0,NA
Düzce,Gölyaka,12/09/99,,,0,1794,81,TR-81,TR423,2592.95,314266,355549,Bolu,12/09/99,0,NA
Düzce,Gümüşova,12/09/99,12/27/93,,0,2017,81,TR-81,TR423,2592.95,314266,355549,Bolu,12/09/99,0,NA
Düzce,Kaynaşlı,12/09/99,12/09/99,,0,2031,81,TR-81,TR423,2592.95,314266,355549,Bolu,12/09/99,0,NA
Düzce,Merkez,12/09/99,,,0,1292,81,TR-81,TR423,2592.95,314266,355549,Bolu,12/09/99,0,NA
Düzce,Yığılca,12/09/99,,,0,1730,81,TR-81,TR423,2592.95,314266,355549,Bolu,12/09/99,0,NA
Edirne,Enez,,,,0,1307,22,TR-22,TR212,6097.91,402606,400280,NA,NA,0,NA
Edirne,Havsa,,,,0,1385,22,TR-22,TR212,6097.91,402606,400280,NA,NA,0,NA
Edirne,İpsala,,,,0,1412,22,TR-22,TR212,6097.91,402606,400280,NA,NA,0,NA
Edirne,Keşan,,,,0,1464,22,TR-22,TR212,6097.91,402606,400280,NA,NA,0,NA
Edirne,Lalapaşa,,,,0,1502,22,TR-22,TR212,6097.91,402606,400280,NA,NA,0,NA
Edirne,Meriç,,,,0,1523,22,TR-22,TR212,6097.91,402606,400280,NA,NA,0,NA
Edirne,Merkez,,,,0,1295,22,TR-22,TR212,6097.91,402606,400280,NA,NA,0,NA
Edirne,Süloğlu,,05/20/90,,0,1988,22,TR-22,TR212,6097.91,402606,400280,NA,NA,0,NA
Edirne,Uzunköprü,,,,0,1705,22,TR-22,TR212,6097.91,402606,400280,NA,NA,0,NA
Elazığ,Ağın,,,,0,1110,23,TR-23,TRB12,9281.45,569616,568753,NA,NA,0,NA
Elazığ,Alacakaya,,05/20/90,,0,1873,23,TR-23,TRB12,9281.45,569616,568753,NA,NA,0,NA
Elazığ,Arıcak,,,,0,1762,23,TR-23,TRB12,9281.45,569616,568753,NA,NA,0,NA
Elazığ,Baskil,,,,0,1173,23,TR-23,TRB12,9281.45,569616,568753,NA,NA,0,NA
Elazığ,Karakoçan,,,,0,1438,23,TR-23,TRB12,9281.45,569616,568753,NA,NA,0,NA
Elazığ,Keban,,,,0,1455,23,TR-23,TRB12,9281.45,569616,568753,NA,NA,0,NA
Elazığ,Kovancılar,,,,0,1820,23,TR-23,TRB12,9281.45,569616,568753,NA,NA,0,NA
Elazığ,Maden,,,,0,1506,23,TR-23,TRB12,9281.45,569616,568753,NA,NA,0,NA
Elazığ,Merkez,,,,0,1298,23,TR-23,TRB12,9281.45,569616,568753,NA,NA,0,NA
Elazığ,Palu,,,,0,1566,23,TR-23,TRB12,9281.45,569616,568753,NA,NA,0,NA
Elazığ,Sivrice,,,,0,1631,23,TR-23,TRB12,9281.45,569616,568753,NA,NA,0,NA
Erzincan,Çayırlı,,,,0,1243,24,TR-24,TRA12,11727.55,316841,223633,NA,NA,0,NA
Erzincan,İliç,,,,0,1406,24,TR-24,TRA12,11727.55,316841,223633,NA,NA,0,NA
Erzincan,Kemah,,,,0,1459,24,TR-24,TRA12,11727.55,316841,223633,NA,NA,0,NA
Erzincan,Kemaliye,,,,0,1460,24,TR-24,TRA12,11727.55,316841,223633,NA,NA,0,NA
Erzincan,Merkez,,,,0,1318,24,TR-24,TRA12,11727.55,316841,223633,NA,NA,0,NA
Erzincan,Otlukbeli,,05/20/90,,0,1977,24,TR-24,TRA12,11727.55,316841,223633,NA,NA,0,NA
Erzincan,Refahiye,,,,0,1583,24,TR-24,TRA12,11727.55,316841,223633,NA,NA,0,NA
Erzincan,Tercan,,,,0,1675,24,TR-24,TRA12,11727.55,316841,223633,NA,NA,0,NA
Erzincan,Üzümlü,,,,0,1853,24,TR-24,TRA12,11727.55,316841,223633,NA,NA,0,NA
Erzurum,Aşkale,,,,0,1153,25,TR-25,TRA11,25330.9,937389,763320,NA,NA,1,1993
Erzurum,Aziziye,,03/22/08,,0,1945,25,TR-25,TRA11,25330.9,937389,763320,NA,NA,1,1993
Erzurum,Çat,,,,0,1235,25,TR-25,TRA11,25330.9,937389,763320,NA,NA,1,1993
Erzurum,Hınıs,,,,0,1392,25,TR-25,TRA11,25330.9,937389,763320,NA,NA,1,1993
Erzurum,Horasan,,,,0,1396,25,TR-25,TRA11,25330.9,937389,763320,NA,NA,1,1993
Erzurum,İspir,,,,0,1416,25,TR-25,TRA11,25330.9,937389,763320,NA,NA,1,1993
Erzurum,Karaçoban,,,,0,1812,25,TR-25,TRA11,25330.9,937389,763320,NA,NA,1,1993
Erzurum,Karayazı,,,,0,1444,25,TR-25,TRA11,25330.9,937389,763320,NA,NA,1,1993
Erzurum,Köprüköy,,05/18/90,,0,1967,25,TR-25,TRA11,25330.9,937389,763320,NA,NA,1,1993
Erzurum,Merkez,,,,0,1319,25,TR-25,TRA11,25330.9,937389,763320,NA,NA,1,1993
Erzurum,Narman,,,,0,1540,25,TR-25,TRA11,25330.9,937389,763320,NA,NA,1,1993
Erzurum,Oltu,,,,0,1550,25,TR-25,TRA11,25330.9,937389,763320,NA,NA,1,1993
Erzurum,Olur,,,,0,1551,25,TR-25,TRA11,25330.9,937389,763320,NA,NA,1,1993
Erzurum,Palandöken,,03/22/08,,0,2044,25,TR-25,TRA11,25330.9,937389,763320,NA,NA,1,1993
Erzurum,Pasinler,,,,0,1567,25,TR-25,TRA11,25330.9,937389,763320,NA,NA,1,1993
Erzurum,Pazaryolu,,,,0,1865,25,TR-25,TRA11,25330.9,937389,763320,NA,NA,1,1993
Erzurum,Şenkaya,,,,0,1657,25,TR-25,TRA11,25330.9,937389,763320,NA,NA,1,1993
Erzurum,Tekman,,,,0,1674,25,TR-25,TRA11,25330.9,937389,763320,NA,NA,1,1993
Erzurum,Tortum,,,,0,1683,25,TR-25,TRA11,25330.9,937389,763320,NA,NA,1,1993
Erzurum,Uzundere,,,,0,1851,25,TR-25,TRA11,25330.9,937389,763320,NA,NA,1,1993
Erzurum,Yakutiye,,03/22/08,,0,2045,25,TR-25,TRA11,25330.9,937389,763320,NA,NA,1,1993
Eskişehir,Alpu,,,,0,1759,26,TR-26,TR412,13902.03,706009,812320,NA,NA,1,1993
Eskişehir,Beylikova,,,,0,1777,26,TR-26,TR412,13902.03,706009,812320,NA,NA,1,1993
Eskişehir,Çifteler,,,,0,1255,26,TR-26,TR412,13902.03,706009,812320,NA,NA,1,1993
Eskişehir,Günyüzü,,05/20/90,,0,1934,26,TR-26,TR412,13902.03,706009,812320,NA,NA,1,1993
Eskişehir,Han,,05/20/90,,0,1939,26,TR-26,TR412,13902.03,706009,812320,NA,NA,1,1993
Eskişehir,İnönü,,,,0,1808,26,TR-26,TR412,13902.03,706009,812320,NA,NA,1,1993
Eskişehir,Mahmudiye,,,,0,1508,26,TR-26,TR412,13902.03,706009,812320,NA,NA,1,1993
Eskişehir,Merkez,,,,0,1322,26,TR-26,TR412,13902.03,706009,812320,NA,NA,1,1993
Eskişehir,Mihalgazi,,05/20/90,,0,1973,26,TR-26,TR412,13902.03,706009,812320,NA,NA,1,1993
Eskişehir,Mihalıççık,,,,0,1527,26,TR-26,TR412,13902.03,706009,812320,NA,NA,1,1993
Eskişehir,Odunpazarı,,03/22/08,,1,2046,26,TR-26,TR412,13902.03,706009,812320,NA,NA,1,1993
Eskişehir,Sarıcakaya,,,,0,1599,26,TR-26,TR412,13902.03,706009,812320,NA,NA,1,1993
Eskişehir,Seyitgazi,,,,0,1618,26,TR-26,TR412,13902.03,706009,812320,NA,NA,1,1993
Eskişehir,Sivrihisar,,,,0,1632,26,TR-26,TR412,13902.03,706009,812320,NA,NA,1,1993
Eskişehir,Tepebaşı,,03/22/08,,1,2047,26,TR-26,TR412,13902.03,706009,812320,NA,NA,1,1993
Gaziantep,Araban,,,,0,1139,27,TR-27,TRC11,6844.84,1285249,1889466,NA,NA,1,1986
Gaziantep,İslahiye,,,,0,1415,27,TR-27,TRC11,6844.84,1285249,1889466,NA,NA,1,1986
Gaziantep,Karkamış,,05/20/90,,0,1956,27,TR-27,TRC11,6844.84,1285249,1889466,NA,NA,1,1986
Gaziantep,Nizip,,,,0,1546,27,TR-27,TRC11,6844.84,1285249,1889466,NA,NA,1,1986
Gaziantep,Nurdağı,,05/20/90,,0,1974,27,TR-27,TRC11,6844.84,1285249,1889466,NA,NA,1,1986
Gaziantep,Oğuzeli,,,,0,1549,27,TR-27,TRC11,6844.84,1285249,1889466,NA,NA,1,1986
Gaziantep,Şahinbey,,,,0,1841,27,TR-27,TRC11,6844.84,1285249,1889466,NA,NA,1,1986
Gaziantep,Şehitkamil,,,,0,1844,27,TR-27,TRC11,6844.84,1285249,1889466,NA,NA,1,1986
Gaziantep,Yavuzeli,,,,0,1720,27,TR-27,TRC11,6844.84,1285249,1889466,NA,NA,1,1986
Giresun,Alucra,,,,0,1133,28,TR-28,TR903,6831.58,523819,429984,NA,NA,0,NA
Giresun,Bulancak,,,,0,1212,28,TR-28,TR903,6831.58,523819,429984,NA,NA,0,NA
Giresun,Çamoluk,,05/20/90,,0,1893,28,TR-28,TR903,6831.58,523819,429984,NA,NA,0,NA
Giresun,Çanakçı,,05/20/90,,0,1894,28,TR-28,TR903,6831.58,523819,429984,NA,NA,0,NA
Giresun,Dereli,,,,0,1272,28,TR-28,TR903,6831.58,523819,429984,NA,NA,0,NA
Giresun,Doğankent,,05/20/90,,0,1912,28,TR-28,TR903,6831.58,523819,429984,NA,NA,0,NA
Giresun,Espiye,,,,0,1320,28,TR-28,TR903,6831.58,523819,429984,NA,NA,0,NA
Giresun,Eynesil,,,,0,1324,28,TR-28,TR903,6831.58,523819,429984,NA,NA,0,NA
Giresun,Görele,,,,0,1361,28,TR-28,TR903,6831.58,523819,429984,NA,NA,0,NA
Giresun,Güce,,05/20/90,,0,1930,28,TR-28,TR903,6831.58,523819,429984,NA,NA,0,NA
Giresun,Keşap,,,,0,1465,28,TR-28,TR903,6831.58,523819,429984,NA,NA,0,NA
Giresun,Merkez,,,,0,1352,28,TR-28,TR903,6831.58,523819,429984,NA,NA,0,NA
Giresun,Piraziz,,,,0,1837,28,TR-28,TR903,6831.58,523819,429984,NA,NA,0,NA
Giresun,Şebinkarahisar,,,,0,1654,28,TR-28,TR903,6831.58,523819,429984,NA,NA,0,NA
Giresun,Tirebolu,,,,0,1678,28,TR-28,TR903,6831.58,523819,429984,NA,NA,0,NA
Giresun,Yağlıdere,,,,0,1854,28,TR-28,TR903,6831.58,523819,429984,NA,NA,0,NA
Gümüşhane,Kelkit,,,,0,1458,29,TR-29,TR906,6437.01,186953,146353,NA,NA,0,NA
Gümüşhane,Köse,,,,0,1822,29,TR-29,TR906,6437.01,186953,146353,NA,NA,0,NA
Gümüşhane,Kürtün,,05/20/90,,0,1971,29,TR-29,TR906,6437.01,186953,146353,NA,NA,0,NA
Gümüşhane,Merkez,,,,0,1369,29,TR-29,TR906,6437.01,186953,146353,NA,NA,0,NA
Gümüşhane,Şiran,,,,0,1660,29,TR-29,TR906,6437.01,186953,146353,NA,NA,0,NA
Gümüşhane,Torul,,,,0,1684,29,TR-29,TR906,6437.01,186953,146353,NA,NA,0,NA
Hakkari,Çukurca,,,,0,1261,30,TR-30,TRB24,7178.88,236581,276287,NA,NA,0,NA
Hakkari,Derecik,,10/26/18,,0,2107,30,TR-30,TRB24,7178.88,236581,276287,NA,NA,0,NA
Hakkari,Merkez,,,,0,1377,30,TR-30,TRB24,7178.88,236581,276287,NA,NA,0,NA
Hakkari,Şemdinli,,,,0,1656,30,TR-30,TRB24,7178.88,236581,276287,NA,NA,0,NA
Hakkari,Yüksekova,,,,0,1737,30,TR-30,TRB24,7178.88,236581,276287,NA,NA,0,NA
Hatay,Altınözü,,,,0,1131,31,TR-31,TR631,5831.36,1253726,1519836,NA,NA,1,2013
Hatay,Antakya,,12/06/12,,0,2080,31,TR-31,TR631,5831.36,1253726,1519836,NA,NA,1,2013
Hatay,Arsuz,,12/06/12,,0,2081,31,TR-31,TR631,5831.36,1253726,1519836,NA,NA,1,2013
Hatay,Belen,,05/20/90,,0,1887,31,TR-31,TR631,5831.36,1253726,1519836,NA,NA,1,2013
Hatay,Defne,,12/06/12,,0,2082,31,TR-31,TR631,5831.36,1253726,1519836,NA,NA,1,2013
Hatay,Dörtyol,,,,0,1289,31,TR-31,TR631,5831.36,1253726,1519836,NA,NA,1,2013
Hatay,Erzin,,,,0,1792,31,TR-31,TR631,5831.36,1253726,1519836,NA,NA,1,2013
Hatay,Hassa,,,,0,1382,31,TR-31,TR631,5831.36,1253726,1519836,NA,NA,1,2013
Hatay,İskenderun,,,,0,1413,31,TR-31,TR631,5831.36,1253726,1519836,NA,NA,1,2013
Hatay,Kırıkhan,,,,0,1468,31,TR-31,TR631,5831.36,1253726,1519836,NA,NA,1,2013
Hatay,Kumlu,,05/20/90,,0,1970,31,TR-31,TR631,5831.36,1253726,1519836,NA,NA,1,2013
Hatay,Merkez,,,,0,1383,31,TR-31,TR631,5831.36,1253726,1519836,NA,NA,1,2013
Hatay,Payas,,12/06/12,,0,2083,31,TR-31,TR631,5831.36,1253726,1519836,NA,NA,1,2013
Hatay,Reyhanlı,,,,0,1585,31,TR-31,TR631,5831.36,1253726,1519836,NA,NA,1,2013
Hatay,Samandağ,,,,0,1591,31,TR-31,TR631,5831.36,1253726,1519836,NA,NA,1,2013
Hatay,Yayladağı,,,,0,1721,31,TR-31,TR631,5831.36,1253726,1519836,NA,NA,1,2013
Iğdır,Aralık,06/03/92,,,0,1142,76,TR-76,TRA23,3587.81,168634,192056,Kars,05/27/92,0,NA
Iğdır,Karakoyunlu,06/03/92,06/03/92,,0,2011,76,TR-76,TRA23,3587.81,168634,192056,Kars,05/27/92,0,NA
Iğdır,Merkez,06/03/92,,,0,1398,76,TR-76,TRA23,3587.81,168634,192056,Kars,05/27/92,0,NA
Iğdır,Tuzluca,06/03/92,,,0,1692,76,TR-76,TRA23,3587.81,168634,192056,Kars,05/27/92,0,NA
Isparta,Aksu,,,,0,1755,32,TR-32,TR612,8871.08,513681,418780,NA,NA,0,NA
Isparta,Atabey,,,,0,1154,32,TR-32,TR612,8871.08,513681,418780,NA,NA,0,NA
Isparta,Eğirdir,,,,0,1297,32,TR-32,TR612,8871.08,513681,418780,NA,NA,0,NA
Isparta,Gelendost,,,,0,1341,32,TR-32,TR612,8871.08,513681,418780,NA,NA,0,NA
Isparta,Gönen,,05/20/90,,0,1929,32,TR-32,TR612,8871.08,513681,418780,NA,NA,0,NA
Isparta,Keçiborlu,,,,0,1456,32,TR-32,TR612,8871.08,513681,418780,NA,NA,0,NA
Isparta,Merkez,,,,0,1401,32,TR-32,TR612,8871.08,513681,418780,NA,NA,0,NA
Isparta,Şarkikaraağaç,,,,0,1651,32,TR-32,TR612,8871.08,513681,418780,NA,NA,0,NA
Isparta,Senirkent,,,,0,1615,32,TR-32,TR612,8871.08,513681,418780,NA,NA,0,NA
Isparta,Sütçüler,,,,0,1648,32,TR-32,TR612,8871.08,513681,418780,NA,NA,0,NA
Isparta,Uluborlu,,,,0,1699,32,TR-32,TR612,8871.08,513681,418780,NA,NA,0,NA
Isparta,Yalvaç,,,,0,1717,32,TR-32,TR612,8871.08,513681,418780,NA,NA,0,NA
Isparta,Yenişarbademli,,05/20/90,,0,2001,32,TR-32,TR612,8871.08,513681,418780,NA,NA,0,NA
İstanbul,Adalar,,,,0,1103,34,TR-34,TR100,5315.33,10018735,14377018,NA,NA,1,1983
İstanbul,Arnavutköy,,03/22/08,,0,2048,34,TR-34,TR100,5315.33,10018735,14377018,NA,NA,1,1983
İstanbul,Ataşehir,,03/22/08,,0,2049,34,TR-34,TR100,5315.33,10018735,14377018,NA,NA,1,1983
İstanbul,Avcılar,,06/03/92,,0,2003,34,TR-34,TR100,5315.33,10018735,14377018,NA,NA,1,1983
İstanbul,Bağcılar,,06/03/92,,0,2004,34,TR-34,TR100,5315.33,10018735,14377018,NA,NA,1,1983
İstanbul,Bahçelievler,,06/03/92,,0,2005,34,TR-34,TR100,5315.33,10018735,14377018,NA,NA,1,1983
İstanbul,Bakırköy,,,,0,1166,34,TR-34,TR100,5315.33,10018735,14377018,NA,NA,1,1983
İstanbul,Başakşehir,,03/22/08,,0,2050,34,TR-34,TR100,5315.33,10018735,14377018,NA,NA,1,1983
İstanbul,Bayrampaşa,,05/20/90,,0,1886,34,TR-34,TR100,5315.33,10018735,14377018,NA,NA,1,1983
İstanbul,Beşiktaş,,,,0,1183,34,TR-34,TR100,5315.33,10018735,14377018,NA,NA,1,1983
İstanbul,Beykoz,,,,0,1185,34,TR-34,TR100,5315.33,10018735,14377018,NA,NA,1,1983
İstanbul,Beylikdüzü,,03/22/08,,0,2051,34,TR-34,TR100,5315.33,10018735,14377018,NA,NA,1,1983
İstanbul,Beyoğlu,,,,0,1186,34,TR-34,TR100,5315.33,10018735,14377018,NA,NA,1,1983
İstanbul,Büyükçekmece,,,,0,1782,34,TR-34,TR100,5315.33,10018735,14377018,NA,NA,1,1983
İstanbul,Çatalca,,,,0,1237,34,TR-34,TR100,5315.33,10018735,14377018,NA,NA,1,1983
İstanbul,Çekmeköy,,03/22/08,,0,2052,34,TR-34,TR100,5315.33,10018735,14377018,NA,NA,1,1983
İstanbul,Eminönü,,,,0,1305,34,TR-34,TR100,5315.33,10018735,14377018,NA,NA,1,1983
İstanbul,Esenler,,12/27/93,,0,2016,34,TR-34,TR100,5315.33,10018735,14377018,NA,NA,1,1983
İstanbul,Esenyurt,,03/22/08,,0,2053,34,TR-34,TR100,5315.33,10018735,14377018,NA,NA,1,1983
İstanbul,Eyüp,,,,0,1325,34,TR-34,TR100,5315.33,10018735,14377018,NA,NA,1,1983
İstanbul,Eyüpsultan,,,,0,1325,34,TR-34,TR100,5315.33,10018735,14377018,NA,NA,1,1983
İstanbul,Fatih,,,,0,1327,34,TR-34,TR100,5315.33,10018735,14377018,NA,NA,1,1983
İstanbul,Gaziosmanpaşa,,,,0,1336,34,TR-34,TR100,5315.33,10018735,14377018,NA,NA,1,1983
İstanbul,Güngören,,06/03/92,,0,2010,34,TR-34,TR100,5315.33,10018735,14377018,NA,NA,1,1983
İstanbul,Kadıköy,,,,0,1421,34,TR-34,TR100,5315.33,10018735,14377018,NA,NA,1,1983
İstanbul,Kağıthane,,,,0,1810,34,TR-34,TR100,5315.33,10018735,14377018,NA,NA,1,1983
İstanbul,Kartal,,,,0,1449,34,TR-34,TR100,5315.33,10018735,14377018,NA,NA,1,1983
İstanbul,Küçükçekmece,,,,0,1823,34,TR-34,TR100,5315.33,10018735,14377018,NA,NA,1,1983
İstanbul,Maltepe,,06/03/92,,0,2012,34,TR-34,TR100,5315.33,10018735,14377018,NA,NA,1,1983
İstanbul,Pendik,,,,0,1835,34,TR-34,TR100,5315.33,10018735,14377018,NA,NA,1,1983
İstanbul,Sancaktepe,,03/22/08,,0,2054,34,TR-34,TR100,5315.33,10018735,14377018,NA,NA,1,1983
İstanbul,Sarıyer,,,,0,1604,34,TR-34,TR100,5315.33,10018735,14377018,NA,NA,1,1983
İstanbul,Şile,,,,0,1659,34,TR-34,TR100,5315.33,10018735,14377018,NA,NA,1,1983
İstanbul,Silivri,,,,0,1622,34,TR-34,TR100,5315.33,10018735,14377018,NA,NA,1,1983
İstanbul,Şişli,,,,0,1663,34,TR-34,TR100,5315.33,10018735,14377018,NA,NA,1,1983
İstanbul,Sultanbeyli,,06/03/92,,0,2014,34,TR-34,TR100,5315.33,10018735,14377018,NA,NA,1,1983
İstanbul,Sultangazi,,03/22/08,,0,2055,34,TR-34,TR100,5315.33,10018735,14377018,NA,NA,1,1983
İstanbul,Tuzla,,06/03/92,,0,2015,34,TR-34,TR100,5315.33,10018735,14377018,NA,NA,1,1983
İstanbul,Ümraniye,,,,0,1852,34,TR-34,TR100,5315.33,10018735,14377018,NA,NA,1,1983
İstanbul,Üsküdar,,,,0,1708,34,TR-34,TR100,5315.33,10018735,14377018,NA,NA,1,1983
İstanbul,Zeytinburnu,,,,0,1739,34,TR-34,TR100,5315.33,10018735,14377018,NA,NA,1,1983
İzmir,Aliağa,,,,0,1128,35,TR-35,TR310,12015.61,3370866,4113072,NA,NA,1,1986
İzmir,Balçova,,06/03/92,,0,2006,35,TR-35,TR310,12015.61,3370866,4113072,NA,NA,1,1986
İzmir,Bayındır,,,,0,1178,35,TR-35,TR310,12015.61,3370866,4113072,NA,NA,1,1986
İzmir,Bayraklı,,03/22/08,,0,2056,35,TR-35,TR310,12015.61,3370866,4113072,NA,NA,1,1986
İzmir,Bergama,,,,0,1181,35,TR-35,TR310,12015.61,3370866,4113072,NA,NA,1,1986
İzmir,Beydağ,,,,0,1776,35,TR-35,TR310,12015.61,3370866,4113072,NA,NA,1,1986
İzmir,Bornova,,,,0,1203,35,TR-35,TR310,12015.61,3370866,4113072,NA,NA,1,1986
İzmir,Buca,,,,0,1780,35,TR-35,TR310,12015.61,3370866,4113072,NA,NA,1,1986
İzmir,Çeşme,,,,0,1251,35,TR-35,TR310,12015.61,3370866,4113072,NA,NA,1,1986
İzmir,Çiğli,,06/03/92,,0,2007,35,TR-35,TR310,12015.61,3370866,4113072,NA,NA,1,1986
İzmir,Dikili,,,,0,1280,35,TR-35,TR310,12015.61,3370866,4113072,NA,NA,1,1986
İzmir,Foça,,,,0,1334,35,TR-35,TR310,12015.61,3370866,4113072,NA,NA,1,1986
İzmir,Gaziemir,,06/03/92,,0,2009,35,TR-35,TR310,12015.61,3370866,4113072,NA,NA,1,1986
İzmir,Güzelbahçe,,12/27/93,,0,2018,35,TR-35,TR310,12015.61,3370866,4113072,NA,NA,1,1986
İzmir,Karabağlar,,03/22/08,,0,2057,35,TR-35,TR310,12015.61,3370866,4113072,NA,NA,1,1986
İzmir,Karaburun,,,,0,1432,35,TR-35,TR310,12015.61,3370866,4113072,NA,NA,1,1986
İzmir,Karşıyaka,,,,0,1448,35,TR-35,TR310,12015.61,3370866,4113072,NA,NA,1,1986
İzmir,Kemalpaşa,,,,0,1461,35,TR-35,TR310,12015.61,3370866,4113072,NA,NA,1,1986
İzmir,Kiraz,,,,0,1477,35,TR-35,TR310,12015.61,3370866,4113072,NA,NA,1,1986
İzmir,Kınık,,,,0,1467,35,TR-35,TR310,12015.61,3370866,4113072,NA,NA,1,1986
İzmir,Konak,,,,0,1819,35,TR-35,TR310,12015.61,3370866,4113072,NA,NA,1,1986
İzmir,Menderes,,,,0,1826,35,TR-35,TR310,12015.61,3370866,4113072,NA,NA,1,1986
İzmir,Menemen,,,,0,1521,35,TR-35,TR310,12015.61,3370866,4113072,NA,NA,1,1986
İzmir,Narlıdere,,12/27/93,,0,2013,35,TR-35,TR310,12015.61,3370866,4113072,NA,NA,1,1986
İzmir,Ödemiş,,,,0,1563,35,TR-35,TR310,12015.61,3370866,4113072,NA,NA,1,1986
İzmir,Seferihisar,,,,0,1611,35,TR-35,TR310,12015.61,3370866,4113072,NA,NA,1,1986
İzmir,Selçuk,,,,0,1612,35,TR-35,TR310,12015.61,3370866,4113072,NA,NA,1,1986
İzmir,Tire,,,,0,1677,35,TR-35,TR310,12015.61,3370866,4113072,NA,NA,1,1986
İzmir,Torbalı,,,,0,1682,35,TR-35,TR310,12015.61,3370866,4113072,NA,NA,1,1986
İzmir,Urla,,,,0,1703,35,TR-35,TR310,12015.61,3370866,4113072,NA,NA,1,1986
Kahramanmaraş,Afşin,,,,0,1107,46,TR-46,TR632,14456.74,1002384,1089038,NA,NA,1,2013
Kahramanmaraş,Andırın,,,,0,1136,46,TR-46,TR632,14456.74,1002384,1089038,NA,NA,1,2013
Kahramanmaraş,Çağlayancerit,,,,0,1785,46,TR-46,TR632,14456.74,1002384,1089038,NA,NA,1,2013
Kahramanmaraş,Dulkadiroğlu,,12/06/12,,0,2084,46,TR-46,TR632,14456.74,1002384,1089038,NA,NA,1,2013
Kahramanmaraş,Ekinözü,,05/20/90,,0,1919,46,TR-46,TR632,14456.74,1002384,1089038,NA,NA,1,2013
Kahramanmaraş,Elbistan,,,,0,1299,46,TR-46,TR632,14456.74,1002384,1089038,NA,NA,1,2013
Kahramanmaraş,Göksun,,,,0,1353,46,TR-46,TR632,14456.74,1002384,1089038,NA,NA,1,2013
Kahramanmaraş,Merkez,,,,0,1515,46,TR-46,TR632,14456.74,1002384,1089038,NA,NA,1,2013
Kahramanmaraş,Nurhak,,05/20/90,,0,1975,46,TR-46,TR632,14456.74,1002384,1089038,NA,NA,1,2013
Kahramanmaraş,Onikişubat,,12/06/12,,0,2085,46,TR-46,TR632,14456.74,1002384,1089038,NA,NA,1,2013
Kahramanmaraş,Pazarcık,,,,0,1570,46,TR-46,TR632,14456.74,1002384,1089038,NA,NA,1,2013
Kahramanmaraş,Türkoğlu,,,,0,1694,46,TR-46,TR632,14456.74,1002384,1089038,NA,NA,1,2013
Karabük,Eflani,06/06/95,,,0,1296,78,TR-78,TR812,4108.8,225102,231333,Zonguldak,06/10/95,0,NA
Karabük,Eskipazar,06/06/95,,,0,1321,78,TR-78,TR812,4108.8,225102,231333,Zonguldak,06/10/95,0,NA
Karabük,Merkez,06/06/95,,,0,1433,78,TR-78,TR812,4108.8,225102,231333,Zonguldak,06/10/95,0,NA
Karabük,Ovacık,06/06/95,,,0,1561,78,TR-78,TR812,4108.8,225102,231333,Zonguldak,06/10/95,0,NA
Karabük,Safranbolu,06/06/95,,,0,1587,78,TR-78,TR812,4108.8,225102,231333,Zonguldak,06/10/95,0,NA
Karabük,Yenice,06/06/95,,,0,1856,78,TR-78,TR812,4108.8,225102,231333,Zonguldak,06/10/95,0,NA
Karaman,Ayrancı,,,,0,1768,70,TR-70,TR522,8868.9,243210,240362,Konya,06/21/89,0,NA
Karaman,Başyayla,,05/20/90,,0,1884,70,TR-70,TR522,8868.9,243210,240362,Konya,06/21/89,0,NA
Karaman,Ermenek,,,,0,1316,70,TR-70,TR522,8868.9,243210,240362,Konya,06/21/89,0,NA
Karaman,Kazımkarabekir,,,,0,1862,70,TR-70,TR522,8868.9,243210,240362,Konya,06/21/89,0,NA
Karaman,Merkez,,,,0,1439,70,TR-70,TR522,8868.9,243210,240362,Konya,06/21/89,0,NA
Karaman,Sarıveliler,,05/20/90,,0,1983,70,TR-70,TR522,8868.9,243210,240362,Konya,06/21/89,0,NA
Kars,Akyaka,,,,0,1756,36,TR-36,TRA22,10139.09,325016,296466,NA,NA,0,NA
Kars,Arpaçay,,,,0,1149,36,TR-36,TRA22,10139.09,325016,296466,NA,NA,0,NA
Kars,Digor,,,,0,1279,36,TR-36,TRA22,10139.09,325016,296466,NA,NA,0,NA
Kars,Kağızman,,,,0,1424,36,TR-36,TRA22,10139.09,325016,296466,NA,NA,0,NA
Kars,Merkez,,,,0,1447,36,TR-36,TRA22,10139.09,325016,296466,NA,NA,0,NA
Kars,Sarıkamış,,,,0,1601,36,TR-36,TRA22,10139.09,325016,296466,NA,NA,0,NA
Kars,Selim,,,,0,1614,36,TR-36,TRA22,10139.09,325016,296466,NA,NA,0,NA
Kars,Susuz,,,,0,1645,36,TR-36,TRA22,10139.09,325016,296466,NA,NA,0,NA
Kastamonu,Abana,,,,0,1101,37,TR-37,TR821,13157.98,375476,368907,NA,NA,0,NA
Kastamonu,Ağlı,,05/20/90,,0,1867,37,TR-37,TR821,13157.98,375476,368907,NA,NA,0,NA
Kastamonu,Araç,,,,0,1140,37,TR-37,TR821,13157.98,375476,368907,NA,NA,0,NA
Kastamonu,Azdavay,,,,0,1162,37,TR-37,TR821,13157.98,375476,368907,NA,NA,0,NA
Kastamonu,Bozkurt,,,,0,1208,37,TR-37,TR821,13157.98,375476,368907,NA,NA,0,NA
Kastamonu,Çatalzeytin,,,,0,1238,37,TR-37,TR821,13157.98,375476,368907,NA,NA,0,NA
Kastamonu,Cide,,,,0,1221,37,TR-37,TR821,13157.98,375476,368907,NA,NA,0,NA
Kastamonu,Daday,,,,0,1264,37,TR-37,TR821,13157.98,375476,368907,NA,NA,0,NA
Kastamonu,Devrekani,,,,0,1277,37,TR-37,TR821,13157.98,375476,368907,NA,NA,0,NA
Kastamonu,Doğanyurt,,05/20/90,,0,1915,37,TR-37,TR821,13157.98,375476,368907,NA,NA,0,NA
Kastamonu,Hanönü,,05/20/90,,0,1940,37,TR-37,TR821,13157.98,375476,368907,NA,NA,0,NA
Kastamonu,İhsangazi,,,,0,1805,37,TR-37,TR821,13157.98,375476,368907,NA,NA,0,NA
Kastamonu,İnebolu,,,,0,1410,37,TR-37,TR821,13157.98,375476,368907,NA,NA,0,NA
Kastamonu,Küre,,,,0,1499,37,TR-37,TR821,13157.98,375476,368907,NA,NA,0,NA
Kastamonu,Merkez,,,,0,1450,37,TR-37,TR821,13157.98,375476,368907,NA,NA,0,NA
Kastamonu,Pınarbaşı,,,,0,1836,37,TR-37,TR821,13157.98,375476,368907,NA,NA,0,NA
Kastamonu,Şenpazar,,,,0,1845,37,TR-37,TR821,13157.98,375476,368907,NA,NA,0,NA
Kastamonu,Seydiler,,05/20/90,,0,1984,37,TR-37,TR821,13157.98,375476,368907,NA,NA,0,NA
Kastamonu,Taşköprü,,,,0,1666,37,TR-37,TR821,13157.98,375476,368907,NA,NA,0,NA
Kastamonu,Tosya,,,,0,1685,37,TR-37,TR821,13157.98,375476,368907,NA,NA,0,NA
Kayseri,Akkışla,,,,0,1752,38,TR-38,TR721,17109.33,1060432,1322376,NA,NA,1,1988
Kayseri,Bünyan,,,,0,1218,38,TR-38,TR721,17109.33,1060432,1322376,NA,NA,1,1988
Kayseri,Develi,,,,0,1275,38,TR-38,TR721,17109.33,1060432,1322376,NA,NA,1,1988
Kayseri,Felahiye,,,,0,1330,38,TR-38,TR721,17109.33,1060432,1322376,NA,NA,1,1988
Kayseri,Hacılar,,05/18/90,,0,1936,38,TR-38,TR721,17109.33,1060432,1322376,NA,NA,1,1988
Kayseri,İncesu,,,,0,1409,38,TR-38,TR721,17109.33,1060432,1322376,NA,NA,1,1988
Kayseri,Kocasinan,,,,0,1863,38,TR-38,TR721,17109.33,1060432,1322376,NA,NA,1,1988
Kayseri,Melikgazi,,,,0,1864,38,TR-38,TR721,17109.33,1060432,1322376,NA,NA,1,1988
Kayseri,Özvatan,,05/20/90,,0,1978,38,TR-38,TR721,17109.33,1060432,1322376,NA,NA,1,1988
Kayseri,Pınarbaşı,,,,0,1576,38,TR-38,TR721,17109.33,1060432,1322376,NA,NA,1,1988
Kayseri,Sarıoğlan,,,,0,1603,38,TR-38,TR721,17109.33,1060432,1322376,NA,NA,1,1988
Kayseri,Sarız,,,,0,1605,38,TR-38,TR721,17109.33,1060432,1322376,NA,NA,1,1988
Kayseri,Talas,,,,0,1846,38,TR-38,TR721,17109.33,1060432,1322376,NA,NA,1,1988
Kayseri,Tomarza,,,,0,1680,38,TR-38,TR721,17109.33,1060432,1322376,NA,NA,1,1988
Kayseri,Yahyalı,,,,0,1715,38,TR-38,TR721,17109.33,1060432,1322376,NA,NA,1,1988
Kayseri,Yeşilhisar,,,,0,1727,38,TR-38,TR721,17109.33,1060432,1322376,NA,NA,1,1988
Kilis,Elbeyli,06/06/95,06/06/95,,0,2023,79,TR-79,TRC13,1427.76,114724,128781,Gaziantep,06/10/95,0,NA
Kilis,Merkez,06/06/95,06/06/95,,0,1476,79,TR-79,TRC13,1427.76,114724,128781,Gaziantep,06/10/95,0,NA
Kilis,Musabeyli,06/06/95,06/06/95,,0,2024,79,TR-79,TRC13,1427.76,114724,128781,Gaziantep,06/10/95,0,NA
Kilis,Polateli,06/06/95,06/06/95,,0,2025,79,TR-79,TRC13,1427.76,114724,128781,Gaziantep,06/10/95,0,NA
Kırıkkale,Bahşili,,05/20/90,,0,1880,71,TR-71,TR711,4569.76,383508,271092,Ankara,06/21/89,0,NA
Kırıkkale,Balışeyh,,05/20/90,,0,1882,71,TR-71,TR711,4569.76,383508,271092,Ankara,06/21/89,0,NA
Kırıkkale,Çelebi,,05/20/90,,0,1901,71,TR-71,TR711,4569.76,383508,271092,Ankara,06/21/89,0,NA
Kırıkkale,Delice,,,,0,1268,71,TR-71,TR711,4569.76,383508,271092,Ankara,06/21/89,0,NA
Kırıkkale,Karakeçili,,05/20/90,,0,1954,71,TR-71,TR711,4569.76,383508,271092,Ankara,06/21/89,0,NA
Kırıkkale,Keskin,,,,0,1463,71,TR-71,TR711,4569.76,383508,271092,Ankara,06/21/89,0,NA
Kırıkkale,Merkez,,,,0,1469,71,TR-71,TR711,4569.76,383508,271092,Ankara,06/21/89,0,NA
Kırıkkale,Sulakyurt,,,,0,1638,71,TR-71,TR711,4569.76,383508,271092,Ankara,06/21/89,0,NA
Kırıkkale,Yahşihan,,05/20/90,,0,1992,71,TR-71,TR711,4569.76,383508,271092,Ankara,06/21/89,0,NA
Kırklareli,Babaeski,,,,0,1163,39,TR-39,TR213,6299.78,328461,343723,NA,NA,0,NA
Kırklareli,Demirköy,,,,0,1270,39,TR-39,TR213,6299.78,328461,343723,NA,NA,0,NA
Kırklareli,Kofçaz,,,,0,1480,39,TR-39,TR213,6299.78,328461,343723,NA,NA,0,NA
Kırklareli,Lüleburgaz,,,,0,1505,39,TR-39,TR213,6299.78,328461,343723,NA,NA,0,NA
Kırklareli,Merkez,,,,0,1471,39,TR-39,TR213,6299.78,328461,343723,NA,NA,0,NA
Kırklareli,Pehlivanköy,,,,0,1572,39,TR-39,TR213,6299.78,328461,343723,NA,NA,0,NA
Kırklareli,Pınarhisar,,,,0,1577,39,TR-39,TR213,6299.78,328461,343723,NA,NA,0,NA
Kırklareli,Vize,,,,0,1714,39,TR-39,TR213,6299.78,328461,343723,NA,NA,0,NA
Kırşehir,Akçakent,,05/20/90,,0,1869,40,TR-40,TR715,6530.32,253239,222707,NA,NA,0,NA
Kırşehir,Akpınar,,,,0,1754,40,TR-40,TR715,6530.32,253239,222707,NA,NA,0,NA
Kırşehir,Boztepe,,05/20/90,,0,1890,40,TR-40,TR715,6530.32,253239,222707,NA,NA,0,NA
Kırşehir,Çiçekdağı,,,,0,1254,40,TR-40,TR715,6530.32,253239,222707,NA,NA,0,NA
Kırşehir,Kaman,,,,0,1429,40,TR-40,TR715,6530.32,253239,222707,NA,NA,0,NA
Kırşehir,Merkez,,,,0,1472,40,TR-40,TR715,6530.32,253239,222707,NA,NA,0,NA
Kırşehir,Mucur,,,,0,1529,40,TR-40,TR715,6530.32,253239,222707,NA,NA,0,NA
Kocaeli,Başiskele,,03/22/08,,0,2058,41,TR-41,TR421,3625.29,1206085,1722795,NA,NA,1,1993
Kocaeli,Çayırova,,03/22/08,,0,2059,41,TR-41,TR421,3625.29,1206085,1722795,NA,NA,1,1993
Kocaeli,Darıca,,03/22/08,,0,2060,41,TR-41,TR421,3625.29,1206085,1722795,NA,NA,1,1993
Kocaeli,Derince,,12/09/99,,0,2030,41,TR-41,TR421,3625.29,1206085,1722795,NA,NA,1,1993
Kocaeli,Dilovası,,03/22/08,,0,2061,41,TR-41,TR421,3625.29,1206085,1722795,NA,NA,1,1993
Kocaeli,Gebze,,,,0,1338,41,TR-41,TR421,3625.29,1206085,1722795,NA,NA,1,1993
Kocaeli,Gölcük,,,,0,1355,41,TR-41,TR421,3625.29,1206085,1722795,NA,NA,1,1993
Kocaeli,İzmit,,03/22/08,,0,2062,41,TR-41,TR421,3625.29,1206085,1722795,NA,NA,1,1993
Kocaeli,Kandıra,,,,0,1430,41,TR-41,TR421,3625.29,1206085,1722795,NA,NA,1,1993
Kocaeli,Karamürsel,,,,0,1440,41,TR-41,TR421,3625.29,1206085,1722795,NA,NA,1,1993
Kocaeli,Kartepe,,03/22/08,,0,2063,41,TR-41,TR421,3625.29,1206085,1722795,NA,NA,1,1993
Kocaeli,Körfez,,,,0,1821,41,TR-41,TR421,3625.29,1206085,1722795,NA,NA,1,1993
Kocaeli,Merkez,,,,0,1478,41,TR-41,TR421,3625.29,1206085,1722795,NA,NA,1,1993
Konya,Ahırlı,,05/20/90,,0,1868,42,TR-42,TR521,40813.52,2192166,2108808,NA,NA,1,1987
Konya,Akören,,,,0,1753,42,TR-42,TR521,40813.52,2192166,2108808,NA,NA,1,1987
Konya,Akşehir,,,,0,1122,42,TR-42,TR521,40813.52,2192166,2108808,NA,NA,1,1987
Konya,Altınekin,,,,0,1760,42,TR-42,TR521,40813.52,2192166,2108808,NA,NA,1,1987
Konya,Beyşehir,,,,0,1188,42,TR-42,TR521,40813.52,2192166,2108808,NA,NA,1,1987
Konya,Bozkır,,,,0,1207,42,TR-42,TR521,40813.52,2192166,2108808,NA,NA,1,1987
Konya,Çeltik,,05/20/90,,0,1902,42,TR-42,TR521,40813.52,2192166,2108808,NA,NA,1,1987
Konya,Cihanbeyli,,,,0,1222,42,TR-42,TR521,40813.52,2192166,2108808,NA,NA,1,1987
Konya,Çumra,,,,0,1262,42,TR-42,TR521,40813.52,2192166,2108808,NA,NA,1,1987
Konya,Derbent,,05/20/90,,0,1907,42,TR-42,TR521,40813.52,2192166,2108808,NA,NA,1,1987
Konya,Derebucak,,,,0,1789,42,TR-42,TR521,40813.52,2192166,2108808,NA,NA,1,1987
Konya,Doğanhisar,,,,0,1285,42,TR-42,TR521,40813.52,2192166,2108808,NA,NA,1,1987
Konya,Emirgazi,,05/20/90,,0,1920,42,TR-42,TR521,40813.52,2192166,2108808,NA,NA,1,1987
Konya,Ereğli,,,,0,1312,42,TR-42,TR521,40813.52,2192166,2108808,NA,NA,1,1987
Konya,Güneysınır,,05/20/90,,0,1933,42,TR-42,TR521,40813.52,2192166,2108808,NA,NA,1,1987
Konya,Hadim,,,,0,1375,42,TR-42,TR521,40813.52,2192166,2108808,NA,NA,1,1987
Konya,Halkapınar,,05/20/90,,0,1937,42,TR-42,TR521,40813.52,2192166,2108808,NA,NA,1,1987
Konya,Hüyük,,,,0,1804,42,TR-42,TR521,40813.52,2192166,2108808,NA,NA,1,1987
Konya,Ilgın,,,,0,1400,42,TR-42,TR521,40813.52,2192166,2108808,NA,NA,1,1987
Konya,Kadınhanı,,,,0,1422,42,TR-42,TR521,40813.52,2192166,2108808,NA,NA,1,1987
Konya,Karapınar,,,,0,1441,42,TR-42,TR521,40813.52,2192166,2108808,NA,NA,1,1987
Konya,Karatay,,,,0,1814,42,TR-42,TR521,40813.52,2192166,2108808,NA,NA,1,1987
Konya,Kulu,,,,0,1491,42,TR-42,TR521,40813.52,2192166,2108808,NA,NA,1,1987
Konya,Meram,,,,0,1827,42,TR-42,TR521,40813.52,2192166,2108808,NA,NA,1,1987
Konya,Sarayönü,,,,0,1598,42,TR-42,TR521,40813.52,2192166,2108808,NA,NA,1,1987
Konya,Selçuklu,,,,0,1839,42,TR-42,TR521,40813.52,2192166,2108808,NA,NA,1,1987
Konya,Seydişehir,,,,0,1617,42,TR-42,TR521,40813.52,2192166,2108808,NA,NA,1,1987
Konya,Taşkent,,,,0,1848,42,TR-42,TR521,40813.52,2192166,2108808,NA,NA,1,1987
Konya,Tuzlukçu,,05/20/90,,0,1990,42,TR-42,TR521,40813.52,2192166,2108808,NA,NA,1,1987
Konya,Yalıhüyük,,05/20/90,,0,1994,42,TR-42,TR521,40813.52,2192166,2108808,NA,NA,1,1987
Konya,Yunak,,,,0,1735,42,TR-42,TR521,40813.52,2192166,2108808,NA,NA,1,1987
Kütahya,Altıntaş,,,,0,1132,43,TR-43,TR333,12013.57,656903,571554,NA,NA,0,NA
Kütahya,Aslanapa,,,,0,1764,43,TR-43,TR333,12013.57,656903,571554,NA,NA,0,NA
Kütahya,Çavdarhisar,,05/20/90,,0,1898,43,TR-43,TR333,12013.57,656903,571554,NA,NA,0,NA
Kütahya,Domaniç,,,,0,1288,43,TR-43,TR333,12013.57,656903,571554,NA,NA,0,NA
Kütahya,Dumlupınar,,,,0,1790,43,TR-43,TR333,12013.57,656903,571554,NA,NA,0,NA
Kütahya,Emet,,,,0,1304,43,TR-43,TR333,12013.57,656903,571554,NA,NA,0,NA
Kütahya,Gediz,,,,0,1339,43,TR-43,TR333,12013.57,656903,571554,NA,NA,0,NA
Kütahya,Hisarcık,,,,0,1802,43,TR-43,TR333,12013.57,656903,571554,NA,NA,0,NA
Kütahya,Merkez,,,,0,1500,43,TR-43,TR333,12013.57,656903,571554,NA,NA,0,NA
Kütahya,Pazarlar,,05/20/90,,0,1979,43,TR-43,TR333,12013.57,656903,571554,NA,NA,0,NA
Kütahya,Şaphane,,,,0,1843,43,TR-43,TR333,12013.57,656903,571554,NA,NA,0,NA
Kütahya,Simav,,,,0,1625,43,TR-43,TR333,12013.57,656903,571554,NA,NA,0,NA
Kütahya,Tavşanlı,,,,0,1671,43,TR-43,TR333,12013.57,656903,571554,NA,NA,0,NA
Malatya,Akçadağ,,,,0,1114,44,TR-44,TRB11,12102.7,853658,769544,NA,NA,1,2013
Malatya,Arapgir,,,,0,1143,44,TR-44,TRB11,12102.7,853658,769544,NA,NA,1,2013
Malatya,Arguvan,,,,0,1148,44,TR-44,TRB11,12102.7,853658,769544,NA,NA,1,2013
Malatya,Battalgazi,,,,0,1772,44,TR-44,TRB11,12102.7,853658,769544,NA,NA,1,2013
Malatya,Darende,,,,0,1265,44,TR-44,TRB11,12102.7,853658,769544,NA,NA,1,2013
Malatya,Doğanşehir,,,,0,1286,44,TR-44,TRB11,12102.7,853658,769544,NA,NA,1,2013
Malatya,Doğanyol,,05/20/90,,0,1914,44,TR-44,TRB11,12102.7,853658,769544,NA,NA,1,2013
Malatya,Hekimhan,,,,0,1390,44,TR-44,TRB11,12102.7,853658,769544,NA,NA,1,2013
Malatya,Kale,,05/20/90,,0,1953,44,TR-44,TRB11,12102.7,853658,769544,NA,NA,1,2013
Malatya,Kuluncak,,05/20/90,,0,1969,44,TR-44,TRB11,12102.7,853658,769544,NA,NA,1,2013
Malatya,Merkez,,,,0,1509,44,TR-44,TRB11,12102.7,853658,769544,NA,NA,1,2013
Malatya,Pütürge,,,,0,1582,44,TR-44,TRB11,12102.7,853658,769544,NA,NA,1,2013
Malatya,Yazıhan,,05/20/90,,0,1995,44,TR-44,TRB11,12102.7,853658,769544,NA,NA,1,2013
Malatya,Yeşilyurt,,,,0,1729,44,TR-44,TRB11,12102.7,853658,769544,NA,NA,1,2013
Manisa,Ahmetli,,,,0,1751,45,TR-45,TR331,13228.5,1260169,1367905,NA,NA,1,2013
Manisa,Akhisar,,,,0,1118,45,TR-45,TR331,13228.5,1260169,1367905,NA,NA,1,2013
Manisa,Alaşehir,,,,0,1127,45,TR-45,TR331,13228.5,1260169,1367905,NA,NA,1,2013
Manisa,Demirci,,,,0,1269,45,TR-45,TR331,13228.5,1260169,1367905,NA,NA,1,2013
Manisa,Gölmarmara,,,,0,1793,45,TR-45,TR331,13228.5,1260169,1367905,NA,NA,1,2013
Manisa,Gördes,,,,0,1362,45,TR-45,TR331,13228.5,1260169,1367905,NA,NA,1,2013
Manisa,Kırkağaç,,,,0,1470,45,TR-45,TR331,13228.5,1260169,1367905,NA,NA,1,2013
Manisa,Köprübaşı,,05/20/90,,0,1965,45,TR-45,TR331,13228.5,1260169,1367905,NA,NA,1,2013
Manisa,Kula,,,,0,1489,45,TR-45,TR331,13228.5,1260169,1367905,NA,NA,1,2013
Manisa,Merkez,,,,0,1513,45,TR-45,TR331,13228.5,1260169,1367905,NA,NA,1,2013
Manisa,Salihli,,,,0,1590,45,TR-45,TR331,13228.5,1260169,1367905,NA,NA,1,2013
Manisa,Sarıgöl,,,,0,1600,45,TR-45,TR331,13228.5,1260169,1367905,NA,NA,1,2013
Manisa,Saruhanlı,,,,0,1606,45,TR-45,TR331,13228.5,1260169,1367905,NA,NA,1,2013
Manisa,Şehzadeler,,12/06/12,,0,2086,45,TR-45,TR331,13228.5,1260169,1367905,NA,NA,1,2013
Manisa,Selendi,,,,0,1613,45,TR-45,TR331,13228.5,1260169,1367905,NA,NA,1,2013
Manisa,Soma,,,,0,1634,45,TR-45,TR331,13228.5,1260169,1367905,NA,NA,1,2013
Manisa,Turgutlu,,,,0,1689,45,TR-45,TR331,13228.5,1260169,1367905,NA,NA,1,2013
Manisa,Yunusemre,,12/06/12,,0,2087,45,TR-45,TR331,13228.5,1260169,1367905,NA,NA,1,2013
Mardin,Artuklu,,12/06/12,,0,2088,47,TR-47,TRC31,8806.04,705098,788996,NA,NA,1,2013
Mardin,Dargeçit,,,,0,1787,47,TR-47,TRC31,8806.04,705098,788996,NA,NA,1,2013
Mardin,Derik,,,,0,1273,47,TR-47,TRC31,8806.04,705098,788996,NA,NA,1,2013
Mardin,Kızıltepe,,,,0,1474,47,TR-47,TRC31,8806.04,705098,788996,NA,NA,1,2013
Mardin,Mazıdağı,,,,0,1519,47,TR-47,TRC31,8806.04,705098,788996,NA,NA,1,2013
Mardin,Merkez,,,,0,1516,47,TR-47,TRC31,8806.04,705098,788996,NA,NA,1,2013
Mardin,Midyat,,,,0,1526,47,TR-47,TRC31,8806.04,705098,788996,NA,NA,1,2013
Mardin,Nusaybin,,,,0,1547,47,TR-47,TRC31,8806.04,705098,788996,NA,NA,1,2013
Mardin,Ömerli,,,,0,1564,47,TR-47,TRC31,8806.04,705098,788996,NA,NA,1,2013
Mardin,Savur,,,,0,1609,47,TR-47,TRC31,8806.04,705098,788996,NA,NA,1,2013
Mardin,Yeşilli,,05/20/90,,0,2002,47,TR-47,TRC31,8806.04,705098,788996,NA,NA,1,2013
Mersin,Akdeniz,,03/22/08,,0,2064,33,TR-33,TR622,15512.25,1651400,1727255,NA,NA,1,1993
Mersin,Anamur,,,,0,1135,33,TR-33,TR622,15512.25,1651400,1727255,NA,NA,1,1993
Mersin,Aydıncık,,,,0,1766,33,TR-33,TR622,15512.25,1651400,1727255,NA,NA,1,1993
Mersin,Bozyazı,,,,0,1779,33,TR-33,TR622,15512.25,1651400,1727255,NA,NA,1,1993
Mersin,Çamlıyayla,,05/20/90,,0,1892,33,TR-33,TR622,15512.25,1651400,1727255,NA,NA,1,1993
Mersin,Erdemli,,,,0,1311,33,TR-33,TR622,15512.25,1651400,1727255,NA,NA,1,1993
Mersin,Gülnar,,,,0,1366,33,TR-33,TR622,15512.25,1651400,1727255,NA,NA,1,1993
Mersin,Merkez,,,,0,1402,33,TR-33,TR622,15512.25,1651400,1727255,NA,NA,1,1993
Mersin,Mezitli,,03/22/08,,0,2065,33,TR-33,TR622,15512.25,1651400,1727255,NA,NA,1,1993
Mersin,Mut,,,,0,1536,33,TR-33,TR622,15512.25,1651400,1727255,NA,NA,1,1993
Mersin,Silifke,,,,0,1621,33,TR-33,TR622,15512.25,1651400,1727255,NA,NA,1,1993
Mersin,Tarsus,,,,0,1665,33,TR-33,TR622,15512.25,1651400,1727255,NA,NA,1,1993
Mersin,Toroslar,,03/22/08,,0,2066,33,TR-33,TR622,15512.25,1651400,1727255,NA,NA,1,1993
Mersin,Yenişehir,,03/22/08,,0,2067,33,TR-33,TR622,15512.25,1651400,1727255,NA,NA,1,1993
Muğla,Bodrum,,,,0,1197,48,TR-48,TR323,12949.21,715328,894509,NA,NA,1,2013
Muğla,Dalaman,,,,0,1742,48,TR-48,TR323,12949.21,715328,894509,NA,NA,1,2013
Muğla,Datça,,,,0,1266,48,TR-48,TR323,12949.21,715328,894509,NA,NA,1,2013
Muğla,Fethiye,,,,0,1331,48,TR-48,TR323,12949.21,715328,894509,NA,NA,1,2013
Muğla,Kavaklıdere,,05/20/90,,0,1958,48,TR-48,TR323,12949.21,715328,894509,NA,NA,1,2013
Muğla,Köyceğiz,,,,0,1488,48,TR-48,TR323,12949.21,715328,894509,NA,NA,1,2013
Muğla,Marmaris,,,,0,1517,48,TR-48,TR323,12949.21,715328,894509,NA,NA,1,2013
Muğla,Menteşe,,12/06/12,,0,2089,48,TR-48,TR323,12949.21,715328,894509,NA,NA,1,2013
Muğla,Merkez,,,,0,1532,48,TR-48,TR323,12949.21,715328,894509,NA,NA,1,2013
Muğla,Milas,,,,0,1528,48,TR-48,TR323,12949.21,715328,894509,NA,NA,1,2013
Muğla,Ortaca,,,,0,1831,48,TR-48,TR323,12949.21,715328,894509,NA,NA,1,2013
Muğla,Seydikemer,,12/06/12,,0,2090,48,TR-48,TR323,12949.21,715328,894509,NA,NA,1,2013
Muğla,Ula,,,,0,1695,48,TR-48,TR323,12949.21,715328,894509,NA,NA,1,2013
Muğla,Yatağan,,,,0,1719,48,TR-48,TR323,12949.21,715328,894509,NA,NA,1,2013
Muş,Bulanık,,,,0,1213,49,TR-49,TRB22,8067.16,453654,411216,NA,NA,0,NA
Muş,Hasköy,,,,0,1801,49,TR-49,TRB22,8067.16,453654,411216,NA,NA,0,NA
Muş,Korkut,,05/20/90,,0,1964,49,TR-49,TRB22,8067.16,453654,411216,NA,NA,0,NA
Muş,Malazgirt,,,,0,1510,49,TR-49,TRB22,8067.16,453654,411216,NA,NA,0,NA
Muş,Merkez,,,,0,1534,49,TR-49,TRB22,8067.16,453654,411216,NA,NA,0,NA
Muş,Varto,,,,0,1711,49,TR-49,TRB22,8067.16,453654,411216,NA,NA,0,NA
Nevşehir,Acıgöl,,,,0,1749,50,TR-50,TR714,5391.64,309914,286250,NA,NA,0,NA
Nevşehir,Avanos,,,,0,1155,50,TR-50,TR714,5391.64,309914,286250,NA,NA,0,NA
Nevşehir,Derinkuyu,,,,0,1274,50,TR-50,TR714,5391.64,309914,286250,NA,NA,0,NA
Nevşehir,Gülşehir,,,,0,1367,50,TR-50,TR714,5391.64,309914,286250,NA,NA,0,NA
Nevşehir,Hacıbektaş,,,,0,1374,50,TR-50,TR714,5391.64,309914,286250,NA,NA,0,NA
Nevşehir,Kozaklı,,,,0,1485,50,TR-50,TR714,5391.64,309914,286250,NA,NA,0,NA
Nevşehir,Merkez,,,,0,1543,50,TR-50,TR714,5391.64,309914,286250,NA,NA,0,NA
Nevşehir,Ürgüp,,,,0,1707,50,TR-50,TR714,5391.64,309914,286250,NA,NA,0,NA
Niğde,Altunhisar,,05/20/90,,0,1876,51,TR-51,TR713,7365.29,348081,343898,NA,NA,0,NA
Niğde,Bor,,,,0,1201,51,TR-51,TR713,7365.29,348081,343898,NA,NA,0,NA
Niğde,Çamardı,,,,0,1225,51,TR-51,TR713,7365.29,348081,343898,NA,NA,0,NA
Niğde,Çiftlik,,05/20/90,,0,1904,51,TR-51,TR713,7365.29,348081,343898,NA,NA,0,NA
Niğde,Merkez,,,,0,1544,51,TR-51,TR713,7365.29,348081,343898,NA,NA,0,NA
Niğde,Ulukışla,,,,0,1700,51,TR-51,TR713,7365.29,348081,343898,NA,NA,0,NA
Ordu,Akkuş,,,,0,1119,52,TR-52,TR902,5952.49,887765,724268,NA,NA,1,2013
Ordu,Altınordu,,12/06/12,,0,2103,52,TR-52,TR902,5952.49,887765,724268,NA,NA,1,2013
Ordu,Aybastı,,,,0,1158,52,TR-52,TR902,5952.49,887765,724268,NA,NA,1,2013
Ordu,Çamaş,,05/20/90,,0,1891,52,TR-52,TR902,5952.49,887765,724268,NA,NA,1,2013
Ordu,Çatalpınar,,05/20/90,,0,1897,52,TR-52,TR902,5952.49,887765,724268,NA,NA,1,2013
Ordu,Çaybaşı,,05/20/90,,0,1900,52,TR-52,TR902,5952.49,887765,724268,NA,NA,1,2013
Ordu,Fatsa,,,,0,1328,52,TR-52,TR902,5952.49,887765,724268,NA,NA,1,2013
Ordu,Gölköy,,,,0,1358,52,TR-52,TR902,5952.49,887765,724268,NA,NA,1,2013
Ordu,Gülyalı,,,,0,1795,52,TR-52,TR902,5952.49,887765,724268,NA,NA,1,2013
Ordu,Gürgentepe,,,,0,1797,52,TR-52,TR902,5952.49,887765,724268,NA,NA,1,2013
Ordu,İkizce,,05/20/90,,0,1947,52,TR-52,TR902,5952.49,887765,724268,NA,NA,1,2013
Ordu,Kabadüz,,05/20/90,,0,1950,52,TR-52,TR902,5952.49,887765,724268,NA,NA,1,2013
Ordu,Kabataş,,05/20/90,,0,1951,52,TR-52,TR902,5952.49,887765,724268,NA,NA,1,2013
Ordu,Korgan,,,,0,1482,52,TR-52,TR902,5952.49,887765,724268,NA,NA,1,2013
Ordu,Kumru,,,,0,1493,52,TR-52,TR902,5952.49,887765,724268,NA,NA,1,2013
Ordu,Merkez,,,,0,1552,52,TR-52,TR902,5952.49,887765,724268,NA,NA,1,2013
Ordu,Mesudiye,,,,0,1525,52,TR-52,TR902,5952.49,887765,724268,NA,NA,1,2013
Ordu,Perşembe,,,,0,1573,52,TR-52,TR902,5952.49,887765,724268,NA,NA,1,2013
Ordu,Ulubey,,,,0,1696,52,TR-52,TR902,5952.49,887765,724268,NA,NA,1,2013
Ordu,Ünye,,,,0,1706,52,TR-52,TR902,5952.49,887765,724268,NA,NA,1,2013
Osmaniye,Bahçe,10/28/96,,,0,1165,80,TR-80,TR633,3195.99,458782,506807,Adana,10/28/96,0,NA
Osmaniye,Düziçi,10/28/96,,,0,1743,80,TR-80,TR633,3195.99,458782,506807,Adana,10/28/96,0,NA
Osmaniye,Hasanbeyli,10/28/96,10/28/96,,0,2027,80,TR-80,TR633,3195.99,458782,506807,Adana,10/28/96,0,NA
Osmaniye,Kadirli,10/28/96,,,0,1423,80,TR-80,TR633,3195.99,458782,506807,Adana,10/28/96,0,NA
Osmaniye,Merkez,10/28/96,,,0,1560,80,TR-80,TR633,3195.99,458782,506807,Adana,10/28/96,0,NA
Osmaniye,Sumbas,10/28/96,10/28/96,,0,2028,80,TR-80,TR633,3195.99,458782,506807,Adana,10/28/96,0,NA
Osmaniye,Toprakkale,10/28/96,10/28/96,,0,2029,80,TR-80,TR633,3195.99,458782,506807,Adana,10/28/96,0,NA
Rize,Ardeşen,,,,0,1146,53,TR-53,TR904,3921.98,365938,329779,NA,NA,0,NA
Rize,Çamlıhemşin,,,,0,1228,53,TR-53,TR904,3921.98,365938,329779,NA,NA,0,NA
Rize,Çayeli,,,,0,1241,53,TR-53,TR904,3921.98,365938,329779,NA,NA,0,NA
Rize,Derepazarı,,05/20/90,,0,1908,53,TR-53,TR904,3921.98,365938,329779,NA,NA,0,NA
Rize,Fındıklı,,,,0,1332,53,TR-53,TR904,3921.98,365938,329779,NA,NA,0,NA
Rize,Güneysu,,,,0,1796,53,TR-53,TR904,3921.98,365938,329779,NA,NA,0,NA
Rize,Hemşin,,05/20/90,,0,1943,53,TR-53,TR904,3921.98,365938,329779,NA,NA,0,NA
Rize,İkizdere,,,,0,1405,53,TR-53,TR904,3921.98,365938,329779,NA,NA,0,NA
Rize,İyidere,,05/20/90,,0,1949,53,TR-53,TR904,3921.98,365938,329779,NA,NA,0,NA
Rize,Kalkandere,,,,0,1428,53,TR-53,TR904,3921.98,365938,329779,NA,NA,0,NA
Rize,Merkez,,,,0,1586,53,TR-53,TR904,3921.98,365938,329779,NA,NA,0,NA
Rize,Pazar,,,,0,1569,53,TR-53,TR904,3921.98,365938,329779,NA,NA,0,NA
Sakarya,Adapazarı,,03/22/08,,0,2068,54,TR-54,TR422,4880.19,756168,932706,NA,NA,1,2000
Sakarya,Akyazı,,,,0,1123,54,TR-54,TR422,4880.19,756168,932706,NA,NA,1,2000
Sakarya,Arifiye,,03/22/08,,0,2069,54,TR-54,TR422,4880.19,756168,932706,NA,NA,1,2000
Sakarya,Erenler,,03/22/08,,0,2070,54,TR-54,TR422,4880.19,756168,932706,NA,NA,1,2000
Sakarya,Ferizli,,05/20/90,,0,1925,54,TR-54,TR422,4880.19,756168,932706,NA,NA,1,2000
Sakarya,Geyve,,,,0,1351,54,TR-54,TR422,4880.19,756168,932706,NA,NA,1,2000
Sakarya,Hendek,,,,0,1391,54,TR-54,TR422,4880.19,756168,932706,NA,NA,1,2000
Sakarya,Karapürçek,,05/18/90,,0,1955,54,TR-54,TR422,4880.19,756168,932706,NA,NA,1,2000
Sakarya,Karasu,,,,0,1442,54,TR-54,TR422,4880.19,756168,932706,NA,NA,1,2000
Sakarya,Kaynarca,,,,0,1453,54,TR-54,TR422,4880.19,756168,932706,NA,NA,1,2000
Sakarya,Kocaali,,,,0,1818,54,TR-54,TR422,4880.19,756168,932706,NA,NA,1,2000
Sakarya,Merkez,,,,0,1589,54,TR-54,TR422,4880.19,756168,932706,NA,NA,1,2000
Sakarya,Pamukova,,,,0,1833,54,TR-54,TR422,4880.19,756168,932706,NA,NA,1,2000
Sakarya,Sapanca,,,,0,1595,54,TR-54,TR422,4880.19,756168,932706,NA,NA,1,2000
Sakarya,Serdivan,,03/22/08,,0,2071,54,TR-54,TR422,4880.19,756168,932706,NA,NA,1,2000
Sakarya,Söğütlü,,05/20/90,,0,1986,54,TR-54,TR422,4880.19,756168,932706,NA,NA,1,2000
Sakarya,Taraklı,,,,0,1847,54,TR-54,TR422,4880.19,756168,932706,NA,NA,1,2000
Samsun,19 Mayıs,,,,0,1830,55,TR-55,TR831,9364.1,1209137,1269989,NA,NA,1,1990
Samsun,Alaçam,,,,0,1125,55,TR-55,TR831,9364.1,1209137,1269989,NA,NA,1,1990
Samsun,Asarcık,,,,0,1763,55,TR-55,TR831,9364.1,1209137,1269989,NA,NA,1,1990
Samsun,Atakum,,03/22/08,,0,2072,55,TR-55,TR831,9364.1,1209137,1269989,NA,NA,1,1990
Samsun,Ayvacık,,05/20/90,,0,1879,55,TR-55,TR831,9364.1,1209137,1269989,NA,NA,1,1990
Samsun,Bafra,,,,0,1164,55,TR-55,TR831,9364.1,1209137,1269989,NA,NA,1,1990
Samsun,Canik,,03/22/08,,0,2073,55,TR-55,TR831,9364.1,1209137,1269989,NA,NA,1,1990
Samsun,Çarşamba,,,,0,1234,55,TR-55,TR831,9364.1,1209137,1269989,NA,NA,1,1990
Samsun,Havza,,,,0,1386,55,TR-55,TR831,9364.1,1209137,1269989,NA,NA,1,1990
Samsun,İlkadım,,03/22/08,,0,2074,55,TR-55,TR831,9364.1,1209137,1269989,NA,NA,1,1990
Samsun,Kavak,,,,0,1452,55,TR-55,TR831,9364.1,1209137,1269989,NA,NA,1,1990
Samsun,Ladik,,,,0,1501,55,TR-55,TR831,9364.1,1209137,1269989,NA,NA,1,1990
Samsun,Merkez,,,,0,1593,55,TR-55,TR831,9364.1,1209137,1269989,NA,NA,1,1990
Samsun,Salıpazarı,,,,0,1838,55,TR-55,TR831,9364.1,1209137,1269989,NA,NA,1,1990
Samsun,Tekkeköy,,,,0,1849,55,TR-55,TR831,9364.1,1209137,1269989,NA,NA,1,1990
Samsun,Terme,,,,0,1676,55,TR-55,TR831,9364.1,1209137,1269989,NA,NA,1,1990
Samsun,Vezirköprü,,,,0,1712,55,TR-55,TR831,9364.1,1209137,1269989,NA,NA,1,1990
Samsun,Yakakent,,05/20/90,,0,1993,55,TR-55,TR831,9364.1,1209137,1269989,NA,NA,1,1990
Şanlıurfa,Akçakale,,,,0,1115,63,TR-63,TRC21,19336.21,1443422,1845667,NA,NA,1,2013
Şanlıurfa,Birecik,,,,0,1194,63,TR-63,TRC21,19336.21,1443422,1845667,NA,NA,1,2013
Şanlıurfa,Bozova,,,,0,1209,63,TR-63,TRC21,19336.21,1443422,1845667,NA,NA,1,2013
Şanlıurfa,Ceylanpınar,,,,0,1220,63,TR-63,TRC21,19336.21,1443422,1845667,NA,NA,1,2013
Şanlıurfa,Eyyübiye,,12/06/12,,0,2091,63,TR-63,TRC21,19336.21,1443422,1845667,NA,NA,1,2013
Şanlıurfa,Halfeti,,,,0,1378,63,TR-63,TRC21,19336.21,1443422,1845667,NA,NA,1,2013
Şanlıurfa,Haliliye,,12/06/12,,0,2092,63,TR-63,TRC21,19336.21,1443422,1845667,NA,NA,1,2013
Şanlıurfa,Harran,,,,0,1800,63,TR-63,TRC21,19336.21,1443422,1845667,NA,NA,1,2013
Şanlıurfa,Hilvan,,,,0,1393,63,TR-63,TRC21,19336.21,1443422,1845667,NA,NA,1,2013
Şanlıurfa,Karaköprü,,12/06/12,,0,2093,63,TR-63,TRC21,19336.21,1443422,1845667,NA,NA,1,2013
Şanlıurfa,Merkez,,,,0,1702,63,TR-63,TRC21,19336.21,1443422,1845667,NA,NA,1,2013
Şanlıurfa,Siverek,,,,0,1630,63,TR-63,TRC21,19336.21,1443422,1845667,NA,NA,1,2013
Şanlıurfa,Suruç,,,,0,1643,63,TR-63,TRC21,19336.21,1443422,1845667,NA,NA,1,2013
Şanlıurfa,Viranşehir,,,,0,1713,63,TR-63,TRC21,19336.21,1443422,1845667,NA,NA,1,2013
Siirt,Baykan,,,,0,1179,56,TR-56,TRC34,5473.29,263676,318366,NA,NA,0,NA
Siirt,Eruh,,,,0,1317,56,TR-56,TRC34,5473.29,263676,318366,NA,NA,0,NA
Siirt,Kurtalan,,,,0,1495,56,TR-56,TRC34,5473.29,263676,318366,NA,NA,0,NA
Siirt,Merkez,,,,0,1620,56,TR-56,TRC34,5473.29,263676,318366,NA,NA,0,NA
Siirt,Pervari,,,,0,1575,56,TR-56,TRC34,5473.29,263676,318366,NA,NA,0,NA
Siirt,Şirvan,,,,0,1662,56,TR-56,TRC34,5473.29,263676,318366,NA,NA,0,NA
Siirt,Tillo,,05/20/90,,0,1878,56,TR-56,TRC34,5473.29,263676,318366,NA,NA,0,NA
Sinop,Ayancık,,,,0,1156,57,TR-57,TR823,5816.55,225574,204526,NA,NA,0,NA
Sinop,Boyabat,,,,0,1204,57,TR-57,TR823,5816.55,225574,204526,NA,NA,0,NA
Sinop,Dikmen,,05/20/90,,0,1910,57,TR-57,TR823,5816.55,225574,204526,NA,NA,0,NA
Sinop,Durağan,,,,0,1290,57,TR-57,TR823,5816.55,225574,204526,NA,NA,0,NA
Sinop,Erfelek,,,,0,1314,57,TR-57,TR823,5816.55,225574,204526,NA,NA,0,NA
Sinop,Gerze,,,,0,1349,57,TR-57,TR823,5816.55,225574,204526,NA,NA,0,NA
Sinop,Merkez,,,,0,1627,57,TR-57,TR823,5816.55,225574,204526,NA,NA,0,NA
Sinop,Saraydüzü,,05/20/90,,0,1981,57,TR-57,TR823,5816.55,225574,204526,NA,NA,0,NA
Sinop,Türkeli,,,,0,1693,57,TR-57,TR823,5816.55,225574,204526,NA,NA,0,NA
Sivas,Akıncılar,,05/20/90,,0,1870,58,TR-58,TRC33,28567.34,755091,623116,NA,NA,0,NA
Sivas,Altınyayla,,05/20/90,,0,1875,58,TR-58,TRC33,28567.34,755091,623116,NA,NA,0,NA
Sivas,Divriği,,,,0,1282,58,TR-58,TRC33,28567.34,755091,623116,NA,NA,0,NA
Sivas,Doğanşar,,05/20/90,,0,1913,58,TR-58,TRC33,28567.34,755091,623116,NA,NA,0,NA
Sivas,Gemerek,,,,0,1342,58,TR-58,TRC33,28567.34,755091,623116,NA,NA,0,NA
Sivas,Gölova,,05/20/90,,0,1927,58,TR-58,TRC33,28567.34,755091,623116,NA,NA,0,NA
Sivas,Gürün,,,,0,1373,58,TR-58,TRC33,28567.34,755091,623116,NA,NA,0,NA
Sivas,Hafik,,,,0,1376,58,TR-58,TRC33,28567.34,755091,623116,NA,NA,0,NA
Sivas,İmranlı,,,,0,1407,58,TR-58,TRC33,28567.34,755091,623116,NA,NA,0,NA
Sivas,Kangal,,,,0,1431,58,TR-58,TRC33,28567.34,755091,623116,NA,NA,0,NA
Sivas,Koyulhisar,,,,0,1484,58,TR-58,TRC33,28567.34,755091,623116,NA,NA,0,NA
Sivas,Merkez,,,,0,1628,58,TR-58,TRC33,28567.34,755091,623116,NA,NA,0,NA
Sivas,Şarkışla,,,,0,1650,58,TR-58,TRC33,28567.34,755091,623116,NA,NA,0,NA
Sivas,Suşehri,,,,0,1646,58,TR-58,TRC33,28567.34,755091,623116,NA,NA,0,NA
Sivas,Ulaş,,05/20/90,,0,1991,58,TR-58,TRC33,28567.34,755091,623116,NA,NA,0,NA
Sivas,Yıldızeli,,,,0,1731,58,TR-58,TRC33,28567.34,755091,623116,NA,NA,0,NA
Sivas,Zara,,,,0,1738,58,TR-58,TRC33,28567.34,755091,623116,NA,NA,0,NA
Şırnak,Beytüşşebap,05/18/90,,,0,1189,73,TR-73,TR722,7151.57,353197,488966,Siirt,05/15/90,0,NA
Şırnak,Cizre,05/18/90,,,0,1223,73,TR-73,TR722,7151.57,353197,488966,Siirt,05/15/90,0,NA
Şırnak,Güçlükonak,05/18/90,05/20/90,,0,1931,73,TR-73,TR722,7151.57,353197,488966,Siirt,05/15/90,0,NA
Şırnak,İdil,05/18/90,,,0,1403,73,TR-73,TR722,7151.57,353197,488966,Siirt,05/15/90,0,NA
Şırnak,Merkez,05/18/90,,,0,1661,73,TR-73,TR722,7151.57,353197,488966,Siirt,05/15/90,0,NA
Şırnak,Silopi,05/18/90,,,0,1623,73,TR-73,TR722,7151.57,353197,488966,Siirt,05/15/90,0,NA
Şırnak,Uludere,05/18/90,,,0,1698,73,TR-73,TR722,7151.57,353197,488966,Siirt,05/15/90,0,NA
Tekirdağ,Çerkezköy,,,,0,1250,59,TR-59,TR211,6342.3,623591,906732,NA,NA,1,2013
Tekirdağ,Çorlu,,,,0,1258,59,TR-59,TR211,6342.3,623591,906732,NA,NA,1,2013
Tekirdağ,Ergene,,12/06/12,,0,2094,59,TR-59,TR211,6342.3,623591,906732,NA,NA,1,2013
Tekirdağ,Hayrabolu,,,,0,1388,59,TR-59,TR211,6342.3,623591,906732,NA,NA,1,2013
Tekirdağ,Kapaklı,,12/06/12,,0,2095,59,TR-59,TR211,6342.3,623591,906732,NA,NA,1,2013
Tekirdağ,Malkara,,,,0,1511,59,TR-59,TR211,6342.3,623591,906732,NA,NA,1,2013
Tekirdağ,Marmaraereğlisi,,,,0,1825,59,TR-59,TR211,6342.3,623591,906732,NA,NA,1,2013
Tekirdağ,Merkez,,,,0,1673,59,TR-59,TR211,6342.3,623591,906732,NA,NA,1,2013
Tekirdağ,Muratlı,,,,0,1538,59,TR-59,TR211,6342.3,623591,906732,NA,NA,1,2013
Tekirdağ,Saray,,,,0,1596,59,TR-59,TR211,6342.3,623591,906732,NA,NA,1,2013
Tekirdağ,Şarköy,,,,0,1652,59,TR-59,TR211,6342.3,623591,906732,NA,NA,1,2013
Tekirdağ,Süleymanpaşa,,12/06/12,,0,2096,59,TR-59,TR211,6342.3,623591,906732,NA,NA,1,2013
Tokat,Almus,,,,0,1129,60,TR-60,TR832,10072.62,828027,597920,NA,NA,0,NA
Tokat,Artova,,,,0,1151,60,TR-60,TR832,10072.62,828027,597920,NA,NA,0,NA
Tokat,Başçiftlik,,05/20/90,,0,1883,60,TR-60,TR832,10072.62,828027,597920,NA,NA,0,NA
Tokat,Erbaa,,,,0,1308,60,TR-60,TR832,10072.62,828027,597920,NA,NA,0,NA
Tokat,Merkez,,,,0,1679,60,TR-60,TR832,10072.62,828027,597920,NA,NA,0,NA
Tokat,Niksar,,,,0,1545,60,TR-60,TR832,10072.62,828027,597920,NA,NA,0,NA
Tokat,Pazar,,,,0,1834,60,TR-60,TR832,10072.62,828027,597920,NA,NA,0,NA
Tokat,Reşadiye,,,,0,1584,60,TR-60,TR832,10072.62,828027,597920,NA,NA,0,NA
Tokat,Sulusaray,,05/20/90,,0,1987,60,TR-60,TR832,10072.62,828027,597920,NA,NA,0,NA
Tokat,Turhal,,,,0,1690,60,TR-60,TR832,10072.62,828027,597920,NA,NA,0,NA
Tokat,Yeşilyurt,,,,0,1858,60,TR-60,TR832,10072.62,828027,597920,NA,NA,0,NA
Tokat,Zile,,,,0,1740,60,TR-60,TR832,10072.62,828027,597920,NA,NA,0,NA
Trabzon,Akçaabat,,,,0,1113,61,TR-61,TR901,4664.04,975137,766782,NA,NA,1,2013
Trabzon,Araklı,,,,0,1141,61,TR-61,TR901,4664.04,975137,766782,NA,NA,1,2013
Trabzon,Arsin,,,,0,1150,61,TR-61,TR901,4664.04,975137,766782,NA,NA,1,2013
Trabzon,Beşikdüzü,,,,0,1775,61,TR-61,TR901,4664.04,975137,766782,NA,NA,1,2013
Trabzon,Çarşıbaşı,,05/20/90,,0,1896,61,TR-61,TR901,4664.04,975137,766782,NA,NA,1,2013
Trabzon,Çaykara,,,,0,1244,61,TR-61,TR901,4664.04,975137,766782,NA,NA,1,2013
Trabzon,Dernekpazarı,,05/20/90,,0,1909,61,TR-61,TR901,4664.04,975137,766782,NA,NA,1,2013
Trabzon,Düzköy,,05/20/90,,0,1917,61,TR-61,TR901,4664.04,975137,766782,NA,NA,1,2013
Trabzon,Hayrat,,05/20/90,,0,1942,61,TR-61,TR901,4664.04,975137,766782,NA,NA,1,2013
Trabzon,Köprübaşı,,05/20/90,,0,1966,61,TR-61,TR901,4664.04,975137,766782,NA,NA,1,2013
Trabzon,Maçka,,,,0,1507,61,TR-61,TR901,4664.04,975137,766782,NA,NA,1,2013
Trabzon,Merkez,,,,0,1686,61,TR-61,TR901,4664.04,975137,766782,NA,NA,1,2013
Trabzon,Of,,,,0,1548,61,TR-61,TR901,4664.04,975137,766782,NA,NA,1,2013
Trabzon,Ortahisar,,12/06/12,,0,2097,61,TR-61,TR901,4664.04,975137,766782,NA,NA,1,2013
Trabzon,Şalpazarı,,,,0,1842,61,TR-61,TR901,4664.04,975137,766782,NA,NA,1,2013
Trabzon,Sürmene,,,,0,1647,61,TR-61,TR901,4664.04,975137,766782,NA,NA,1,2013
Trabzon,Tonya,,,,0,1681,61,TR-61,TR901,4664.04,975137,766782,NA,NA,1,2013
Trabzon,Vakfıkebir,,,,0,1709,61,TR-61,TR901,4664.04,975137,766782,NA,NA,1,2013
Trabzon,Yomra,,,,0,1732,61,TR-61,TR901,4664.04,975137,766782,NA,NA,1,2013
Tunceli,Çemişgezek,,,,0,1247,62,TR-62,TRB14,7685.66,93584,86527,NA,NA,0,NA
Tunceli,Hozat,,,,0,1397,62,TR-62,TRB14,7685.66,93584,86527,NA,NA,0,NA
Tunceli,Mazgirt,,,,0,1518,62,TR-62,TRB14,7685.66,93584,86527,NA,NA,0,NA
Tunceli,Merkez,,,,0,1688,62,TR-62,TRB14,7685.66,93584,86527,NA,NA,0,NA
Tunceli,Nazımiye,,,,0,1541,62,TR-62,TRB14,7685.66,93584,86527,NA,NA,0,NA
Tunceli,Ovacık,,,,0,1562,62,TR-62,TRB14,7685.66,93584,86527,NA,NA,0,NA
Tunceli,Pertek,,,,0,1574,62,TR-62,TRB14,7685.66,93584,86527,NA,NA,0,NA
Tunceli,Pülümür,,,,0,1581,62,TR-62,TRB14,7685.66,93584,86527,NA,NA,0,NA
Uşak,Banaz,,,,0,1170,64,TR-64,TR334,5363.09,322313,349459,NA,NA,0,NA
Uşak,Eşme,,,,0,1323,64,TR-64,TR334,5363.09,322313,349459,NA,NA,0,NA
Uşak,Karahallı,,,,0,1436,64,TR-64,TR334,5363.09,322313,349459,NA,NA,0,NA
Uşak,Merkez,,,,0,1704,64,TR-64,TR334,5363.09,322313,349459,NA,NA,0,NA
Uşak,Sivaslı,,,,0,1629,64,TR-64,TR334,5363.09,322313,349459,NA,NA,0,NA
Uşak,Ulubey,,,,0,1697,64,TR-64,TR334,5363.09,322313,349459,NA,NA,0,NA
Van,Bahçesaray,,,,0,1770,65,TR-65,TRB21,19414.14,877524,1085542,NA,NA,1,2013
Van,Başkale,,,,0,1175,65,TR-65,TRB21,19414.14,877524,1085542,NA,NA,1,2013
Van,Çaldıran,,,,0,1786,65,TR-65,TRB21,19414.14,877524,1085542,NA,NA,1,2013
Van,Çatak,,,,0,1236,65,TR-65,TRB21,19414.14,877524,1085542,NA,NA,1,2013
Van,Edremit,,05/20/90,,0,1918,65,TR-65,TRB21,19414.14,877524,1085542,NA,NA,1,2013
Van,Erciş,,,,0,1309,65,TR-65,TRB21,19414.14,877524,1085542,NA,NA,1,2013
Van,Gevaş,,,,0,1350,65,TR-65,TRB21,19414.14,877524,1085542,NA,NA,1,2013
Van,Gürpınar,,,,0,1372,65,TR-65,TRB21,19414.14,877524,1085542,NA,NA,1,2013
Van,İpekyolu,,12/06/12,,0,2098,65,TR-65,TRB21,19414.14,877524,1085542,NA,NA,1,2013
Van,Merkez,,,,0,1710,65,TR-65,TRB21,19414.14,877524,1085542,NA,NA,1,2013
Van,Muradiye,,,,0,1533,65,TR-65,TRB21,19414.14,877524,1085542,NA,NA,1,2013
Van,Özalp,,,,0,1565,65,TR-65,TRB21,19414.14,877524,1085542,NA,NA,1,2013
Van,Saray,,05/20/90,,0,1980,65,TR-65,TRB21,19414.14,877524,1085542,NA,NA,1,2013
Van,Tuşba,,12/06/12,,0,2099,65,TR-65,TRB21,19414.14,877524,1085542,NA,NA,1,2013
Yalova,Altınova,06/06/95,06/06/95,,0,2019,77,TR-77,TR425,850.46,168593,226514,Istanbul,06/10/95,0,NA
Yalova,Armutlu,06/06/95,06/06/95,,0,2020,77,TR-77,TR425,850.46,168593,226514,Istanbul,06/10/95,0,NA
Yalova,Çiftlikköy,06/06/95,06/06/95,,0,2022,77,TR-77,TR425,850.46,168593,226514,Istanbul,06/10/95,0,NA
Yalova,Çınarcık,06/06/95,06/06/95,,0,2021,77,TR-77,TR425,850.46,168593,226514,Istanbul,06/10/95,0,NA
Yalova,Merkez,06/06/95,06/06/95,,0,1716,77,TR-77,TR425,850.46,168593,226514,Istanbul,06/10/95,0,NA
Yalova,Termal,06/06/95,06/06/95,,0,2026,77,TR-77,TR425,850.46,168593,226514,Istanbul,06/10/95,0,NA
Yozgat,Akdağmadeni,,,,0,1117,66,TR-66,TR723,14074.09,682919,432560,NA,NA,0,NA
Yozgat,Aydıncık,,05/20/90,,0,1877,66,TR-66,TR723,14074.09,682919,432560,NA,NA,0,NA
Yozgat,Boğazlıyan,,,,0,1198,66,TR-66,TR723,14074.09,682919,432560,NA,NA,0,NA
Yozgat,Çandır,,05/20/90,,0,1895,66,TR-66,TR723,14074.09,682919,432560,NA,NA,0,NA
Yozgat,Çayıralan,,,,0,1242,66,TR-66,TR723,14074.09,682919,432560,NA,NA,0,NA
Yozgat,Çekerek,,,,0,1245,66,TR-66,TR723,14074.09,682919,432560,NA,NA,0,NA
Yozgat,Kadışehri,,05/20/90,,0,1952,66,TR-66,TR723,14074.09,682919,432560,NA,NA,0,NA
Yozgat,Merkez,,,,0,1733,66,TR-66,TR723,14074.09,682919,432560,NA,NA,0,NA
Yozgat,Saraykent,,05/20/90,,0,1982,66,TR-66,TR723,14074.09,682919,432560,NA,NA,0,NA
Yozgat,Sarıkaya,,,,0,1602,66,TR-66,TR723,14074.09,682919,432560,NA,NA,0,NA
Yozgat,Şefaatli,,,,0,1655,66,TR-66,TR723,14074.09,682919,432560,NA,NA,0,NA
Yozgat,Sorgun,,,,0,1635,66,TR-66,TR723,14074.09,682919,432560,NA,NA,0,NA
Yozgat,Yenifakılı,,05/20/90,,0,1998,66,TR-66,TR723,14074.09,682919,432560,NA,NA,0,NA
Yozgat,Yerköy,,,,0,1726,66,TR-66,TR723,14074.09,682919,432560,NA,NA,0,NA
Zonguldak,Alaplı,,,,0,1758,67,TR-67,TR811,3309.86,615599,598796,NA,NA,0,NA
Zonguldak,Çaycuma,,,,0,1240,67,TR-67,TR811,3309.86,615599,598796,NA,NA,0,NA
Zonguldak,Devrek,,,,0,1276,67,TR-67,TR811,3309.86,615599,598796,NA,NA,0,NA
Zonguldak,Ereğli,,,,0,1313,67,TR-67,TR811,3309.86,615599,598796,NA,NA,0,NA
Zonguldak,Gökçebey,,05/20/90,,0,1926,67,TR-67,TR811,3309.86,615599,598796,NA,NA,0,NA
Zonguldak,Kilimli,,12/06/12,,0,2100,67,TR-67,TR811,3309.86,615599,598796,NA,NA,0,NA
Zonguldak,Kozlu,,12/06/12,,0,2101,67,TR-67,TR811,3309.86,615599,598796,NA,NA,0,NA
Zonguldak,Merkez,,,,0,1741,67,TR-67,TR811,3309.86,615599,598796,NA,NA,0,NA
